year,covariate,smd_before_cobalt_att,smd_after_cobalt_att
1997,treecover_area_2000,0.2763,0.036
1997,slope_2000,0.2322,0.099
1997,elevation_2000,0.1296,0.0998
1997,population_count_2000,2.1584,0.0948
1997,traveltime_2000_2000,0.0258,0.0948
2008,treecover_area_2000,0.5999,0.0996
2008,slope_2000,0.095,0.0992
2008,elevation_2000,0.3518,0.0992
2008,population_count_2000,1.8221,0.0995
2008,traveltime_2000_2000,0.3241,0.0999
2011,treecover_area_2000,0.2814,0.0971
2011,slope_2000,0.6219,0.0957
2011,elevation_2000,0.8803,0.0999
2011,population_count_2000,4.7791,0.0967
2011,traveltime_2000_2000,0.586,0.0988
2013,treecover_area_2000,0.1829,0.0465
2013,slope_2000,0.3397,0.0993
2013,elevation_2000,0.6963,0.0999
2013,population_count_2000,7.3031,0.0975
2013,traveltime_2000_2000,0.18,0.0975
2016,treecover_area_2000,0.5388,0.0671
2016,slope_2000,0.2687,0.088
2016,elevation_2000,0.7434,0.089
2016,population_count_2000,4.9802,0.0386
2016,traveltime_2000_2000,0.2916,0.0163
2018,treecover_area_2000,0.7291,0.0589
2018,slope_2000,0.0175,0.026
2018,elevation_2000,0.2774,0.054
2018,population_count_2000,0.9265,0.0779
2018,traveltime_2000_2000,0.35,0.0303
2021,treecover_area_2000,0.7555,0.0173
2021,slope_2000,0.1626,0.0406
2021,elevation_2000,0.2337,0.0892
2021,population_count_2000,3.172,0.0282
2021,traveltime_2000_2000,0.3876,0.0876
