year,method,eligible_treated,eligible_control,retained_treated,retained_control,treated_clusters,treated_WDPAIDs,distinct_control_clusters,controls_per_cluster_median,controls_per_cluster_p90,controls_per_cluster_max,top1_cluster_share,top5_cluster_share,top10_cluster_share,cluster_HHI,cluster_ESS
1997,A0_genmatch_cal0p25,335,3699,73,73,NA,NA,3,23,27.8,29,0.3973,1,1,0.339839,2.9
2008,A0_genmatch_cal0p25,1155,9697,489,489,NA,NA,21,29,31,32,0.0654,0.319,0.6237,0.057958,17.3
2011,A0_genmatch_cal0p25,441,4617,154,154,NA,NA,7,26,31,31,0.2013,0.9026,1,0.173216,5.8
2013,A0_genmatch_cal0p25,724,4455,185,185,NA,NA,6,31,32,32,0.173,0.8432,1,0.166925,6
2016,A0_genmatch_cal0p25,637,7170,190,190,NA,NA,6,32,32,32,0.1684,0.8368,1,0.166704,6
2018,A0_genmatch_cal0p25,1194,10731,414,414,NA,NA,16,26,26,26,0.0628,0.314,0.628,0.062522,16
2021,A0_genmatch_cal0p25,1601,10737,466,466,NA,NA,16,30,32,33,0.0708,0.3412,0.6631,0.062996,15.9
1997,A_cardinality_1to1,335,3699,335,335,11,9,13,23,45.2,52,0.1552,0.5522,0.8746,0.092947,10.8
2008,A_cardinality_1to1,1155,9697,1155,1155,38,30,41,31,32,32,0.0277,0.1385,0.2771,0.025744,38.8
2011,A_cardinality_1to1,441,4617,441,441,15,11,24,20.5,32,32,0.0726,0.3628,0.7166,0.062901,15.9
2013,A_cardinality_1to1,724,4455,724,724,23,16,28,31,32,32,0.0442,0.221,0.442,0.041105,24.3
2016,A_cardinality_1to1,637,7170,637,637,20,15,23,31,32,34,0.0534,0.2543,0.5055,0.047251,21.2
2018,A_cardinality_1to1,1194,10731,1194,1194,46,27,49,26,26,26,0.0218,0.1089,0.2178,0.021408,46.7
2021,A_cardinality_1to1,1601,10737,1601,1601,52,34,54,33,34,34,0.0212,0.1062,0.2124,0.01967,50.8
1997,B_profile_att,335,3699,335,2946,11,9,89,31,53.2,60,0.0204,0.1001,0.1938,0.013001,76.9
2008,B_profile_att,1155,9697,1155,6356,38,30,214,31,32,32,0.005,0.0252,0.0503,0.004721,211.8
2011,B_profile_att,441,4617,441,1929,15,11,66,31,32,32,0.0166,0.0829,0.1659,0.015689,63.7
2013,B_profile_att,724,4455,724,3185,23,16,105,32,32,32,0.01,0.0502,0.1005,0.00974,102.7
2016,B_profile_att,637,7170,637,4332,20,15,143,32,32,33,0.0076,0.0376,0.0746,0.007262,137.7
2018,B_profile_att,1194,10731,1194,6837,46,27,264,26,26,26,0.0038,0.019,0.038,0.003796,263.4
2021,B_profile_att,1601,10737,1601,5967,52,34,191,32,34,34,0.0057,0.0285,0.057,0.005314,188.2
1997,C_entropy_att,335,3699,335,3699,11,9,109,31,56,60,0.04,0.154,0.2513,0.014165,70.6
2008,C_entropy_att,1155,9697,1155,9697,38,30,323,31,32,32,0.0123,0.0487,0.0906,0.004703,212.6
2011,C_entropy_att,441,4617,441,4617,15,11,152,31,32,32,0.0392,0.1781,0.3173,0.017452,57.3
2013,C_entropy_att,724,4455,724,4455,23,16,143,32,32,32,0.0189,0.0824,0.1523,0.010017,99.8
2016,C_entropy_att,637,7170,637,7170,20,15,228,32,32,34,0.0255,0.0976,0.1619,0.008467,118.1
2018,C_entropy_att,1194,10731,1194,10731,46,27,413,26,26,27,0.0147,0.061,0.0985,0.004132,242
2021,C_entropy_att,1601,10737,1601,10737,52,34,338,32,34,35,0.0248,0.0908,0.1506,0.006435,155.4
