year,design,eligible_treated,retained_treated,treated_retention_pct,controls_used,distinct_control_clusters,max_smd,worst_covariate,max_ecdf_diff,max_variance_ratio_deviation,control_ESS,cluster_ESS,runtime_sec
1997,A. GenMatch + caliper 0.25 SD (production),335,73,21.8,73,3,0.4766,population_count_2000,0.7123,3.4581,NA,2.9,NA
2008,A. GenMatch + caliper 0.25 SD (production),1155,489,42.3,489,21,0.1333,population_count_2000,0.319,0.2398,NA,17.3,NA
2011,A. GenMatch + caliper 0.25 SD (production),441,154,34.9,154,7,0.212,traveltime_2000_2000,0.4091,0.2273,NA,5.8,NA
2013,A. GenMatch + caliper 0.25 SD (production),724,185,25.6,185,6,0.0741,population_count_2000,0.4919,0.3699,NA,6,NA
2016,A. GenMatch + caliper 0.25 SD (production),637,190,29.8,190,6,0.4666,population_count_2000,0.6632,0.4018,NA,6,NA
2018,A. GenMatch + caliper 0.25 SD (production),1194,414,34.7,414,16,0.2324,population_count_2000,0.3768,0.3498,NA,16,NA
2021,A. GenMatch + caliper 0.25 SD (production),1601,466,29.1,466,16,0.0502,population_count_2000,0.1974,0.2891,NA,15.9,NA
1997,"B. Cardinality 1:1, SMD<=0.10",335,335,100,335,13,0.0998,elevation_2000,0.2985,2.043,NA,10.8,0.09
2008,"B. Cardinality 1:1, SMD<=0.10",1155,1155,100,1155,41,0.0999,traveltime_2000_2000,0.2459,0.6567,NA,38.8,0.29
2011,"B. Cardinality 1:1, SMD<=0.10",441,441,100,441,24,0.0999,elevation_2000,0.3492,0.7819,NA,15.9,0.26
2013,"B. Cardinality 1:1, SMD<=0.10",724,724,100,724,28,0.0999,elevation_2000,0.2845,1.9146,NA,24.3,0.15
2016,"B. Cardinality 1:1, SMD<=0.10",637,637,100,637,23,0.089,elevation_2000,0.2433,0.4838,NA,21.2,0.33
2018,"B. Cardinality 1:1, SMD<=0.10",1194,1194,100,1194,49,0.0779,population_count_2000,0.2052,0.8587,NA,46.7,0.32
2021,"B. Cardinality 1:1, SMD<=0.10",1601,1601,100,1601,54,0.0892,elevation_2000,0.1287,0.2778,NA,50.8,0.34
1997,"C. Profile matching ATT, SMD<=0.10",335,335,100,2946,89,0.0998,slope_2000,0.2498,1.2115,NA,76.9,0.23
2008,"C. Profile matching ATT, SMD<=0.10",1155,1155,100,6356,214,0.0999,treecover_area_2000,0.1876,0.5322,NA,211.8,0.29
2011,"C. Profile matching ATT, SMD<=0.10",441,441,100,1929,66,0.1,traveltime_2000_2000,0.351,1.371,NA,63.7,0.14
2013,"C. Profile matching ATT, SMD<=0.10",724,724,100,3185,105,0.0998,treecover_area_2000,0.2496,1.0065,NA,102.7,0.13
2016,"C. Profile matching ATT, SMD<=0.10",637,637,100,4332,143,0.0999,population_count_2000,0.212,0.8333,NA,137.7,0.26
2018,"C. Profile matching ATT, SMD<=0.10",1194,1194,100,6837,264,0.1,traveltime_2000_2000,0.1917,0.543,NA,263.4,0.41
2021,"C. Profile matching ATT, SMD<=0.10",1601,1601,100,5967,191,0.1,elevation_2000,0.18,0.6127,NA,188.2,0.47
1997,D. Entropy balancing ATT,335,335,100,3699,109,1.4e-5,elevation_2000,0.2732,0.8452,2708,70.6,0.03
2008,D. Entropy balancing ATT,1155,1155,100,9697,323,7e-6,treecover_area_2000,0.1696,0.4837,6358.4,212.6,0.07
2011,D. Entropy balancing ATT,441,441,100,4617,152,9e-6,traveltime_2000_2000,0.2412,0.877,1728.7,57.3,0.06
2013,D. Entropy balancing ATT,724,724,100,4455,143,2.32e-4,population_count_2000,0.2525,1.4382,3116.8,99.8,0.04
2016,D. Entropy balancing ATT,637,637,100,7170,228,1.9e-4,population_count_2000,0.192,0.5887,3746.1,118.1,0.08
2018,D. Entropy balancing ATT,1194,1194,100,10731,413,0,elevation_2000,0.1958,0.6443,6291.9,242,0.08
2021,D. Entropy balancing ATT,1601,1601,100,10737,338,2.1e-5,population_count_2000,0.126,0.5652,4955.3,155.4,0.1
