year,method,covariate,SMD,variance_ratio,vr_abs_dev_from_1,ecdf_mean,ecdf_max
1997,A0_genmatch_cal0p25,treecover_area_2000,0.042726,1.159638,0.159638,0.166667,0.39726
1997,A0_genmatch_cal0p25,slope_2000,0.050697,1.155378,0.155378,0.166667,0.39726
1997,A0_genmatch_cal0p25,elevation_2000,0.170863,4.458115,3.458115,0.399543,0.712329
1997,A0_genmatch_cal0p25,population_count_2000,0.476564,2.473549,1.473549,0.271689,0.712329
1997,A0_genmatch_cal0p25,traveltime_2000_2000,0.085266,1.050342,0.050342,0.194064,0.39726
2008,A0_genmatch_cal0p25,treecover_area_2000,0.024952,0.982218,0.017782,0.032609,0.071575
2008,A0_genmatch_cal0p25,slope_2000,0.013433,0.913989,0.086011,0.051346,0.177914
2008,A0_genmatch_cal0p25,elevation_2000,0.033435,0.922953,0.077047,0.048527,0.188139
2008,A0_genmatch_cal0p25,population_count_2000,0.133337,1.239769,0.239769,0.111922,0.319018
2008,A0_genmatch_cal0p25,traveltime_2000_2000,0.001028,1.000422,4.22e-4,0.034654,0.114519
2011,A0_genmatch_cal0p25,treecover_area_2000,0.001516,1.213483,0.213483,0.101399,0.272727
2011,A0_genmatch_cal0p25,slope_2000,0.01402,1.178851,0.178851,0.127373,0.383117
2011,A0_genmatch_cal0p25,elevation_2000,0.014348,0.830786,0.169214,0.115385,0.331169
2011,A0_genmatch_cal0p25,population_count_2000,0.14362,1.227265,0.227265,0.18032,0.409091
2011,A0_genmatch_cal0p25,traveltime_2000_2000,0.211958,0.944555,0.055445,0.147852,0.37013
2013,A0_genmatch_cal0p25,treecover_area_2000,0.012355,1.173826,0.173826,0.077755,0.172973
2013,A0_genmatch_cal0p25,slope_2000,0.002398,0.994996,0.005004,0.092723,0.183784
2013,A0_genmatch_cal0p25,elevation_2000,0.070221,0.970715,0.029285,0.151767,0.491892
2013,A0_genmatch_cal0p25,population_count_2000,0.074133,0.630104,0.369896,0.09106,0.172973
2013,A0_genmatch_cal0p25,traveltime_2000_2000,0.035857,1.249876,0.249876,0.129314,0.345946
2016,A0_genmatch_cal0p25,treecover_area_2000,0.16709,0.955085,0.044915,0.194298,0.5
2016,A0_genmatch_cal0p25,slope_2000,0.057102,1.1435,0.1435,0.083333,0.168421
2016,A0_genmatch_cal0p25,elevation_2000,0.022284,0.942011,0.057989,0.083333,0.168421
2016,A0_genmatch_cal0p25,population_count_2000,0.466592,0.598152,0.401848,0.249123,0.663158
2016,A0_genmatch_cal0p25,traveltime_2000_2000,0.037037,1.261508,0.261508,0.111404,0.336842
2018,A0_genmatch_cal0p25,treecover_area_2000,0.010193,1.008602,0.008602,0.039402,0.125604
2018,A0_genmatch_cal0p25,slope_2000,0.01125,1.039943,0.039943,0.050876,0.125604
2018,A0_genmatch_cal0p25,elevation_2000,0.012492,1.0564,0.0564,0.063104,0.188406
2018,A0_genmatch_cal0p25,population_count_2000,0.232416,1.349793,0.349793,0.161232,0.376812
2018,A0_genmatch_cal0p25,traveltime_2000_2000,0.010296,1.052408,0.052408,0.046649,0.125604
2021,A0_genmatch_cal0p25,treecover_area_2000,0.003967,0.863191,0.136809,0.053843,0.135193
2021,A0_genmatch_cal0p25,slope_2000,0.006577,1.018434,0.018434,0.056249,0.184549
2021,A0_genmatch_cal0p25,elevation_2000,0.041119,1.115614,0.115614,0.074912,0.184549
2021,A0_genmatch_cal0p25,population_count_2000,0.05021,1.289112,0.289112,0.061451,0.197425
2021,A0_genmatch_cal0p25,traveltime_2000_2000,0.00815,0.975559,0.024441,0.035765,0.133047
1997,A_cardinality_1to1,treecover_area_2000,0.035997,1.126103,0.126103,0.076493,0.238806
1997,A_cardinality_1to1,slope_2000,0.099016,3.043004,2.043004,0.174129,0.298507
1997,A_cardinality_1to1,elevation_2000,0.099834,1.218984,0.218984,0.099129,0.280597
1997,A_cardinality_1to1,population_count_2000,0.094793,1.201824,0.201824,0.081592,0.223881
1997,A_cardinality_1to1,traveltime_2000_2000,0.094761,0.590595,0.409405,0.111318,0.268657
2008,A_cardinality_1to1,treecover_area_2000,0.099555,0.954329,0.045671,0.067226,0.193074
2008,A_cardinality_1to1,slope_2000,0.099208,1.656734,0.656734,0.104499,0.211255
2008,A_cardinality_1to1,elevation_2000,0.099179,1.027399,0.027399,0.104959,0.245887
2008,A_cardinality_1to1,population_count_2000,0.09946,1.483134,0.483134,0.061154,0.165368
2008,A_cardinality_1to1,traveltime_2000_2000,0.099907,0.479968,0.520032,0.052386,0.118615
2011,A_cardinality_1to1,treecover_area_2000,0.097097,0.608489,0.391511,0.077912,0.199546
2011,A_cardinality_1to1,slope_2000,0.095742,1.425391,0.425391,0.075877,0.201814
2011,A_cardinality_1to1,elevation_2000,0.099943,1.043066,0.043066,0.095703,0.333333
2011,A_cardinality_1to1,population_count_2000,0.096741,0.218144,0.781856,0.095122,0.217687
2011,A_cardinality_1to1,traveltime_2000_2000,0.09883,1.588398,0.588398,0.127333,0.349206
2013,A_cardinality_1to1,treecover_area_2000,0.046499,0.932988,0.067012,0.076211,0.174033
2013,A_cardinality_1to1,slope_2000,0.099294,1.2301,0.2301,0.072148,0.208564
2013,A_cardinality_1to1,elevation_2000,0.099857,1.031227,0.031227,0.068248,0.176796
2013,A_cardinality_1to1,population_count_2000,0.097468,0.361278,0.638722,0.104268,0.28453
2013,A_cardinality_1to1,traveltime_2000_2000,0.097461,2.914565,1.914565,0.107085,0.220994
2016,A_cardinality_1to1,treecover_area_2000,0.067132,0.99057,0.00943,0.072067,0.197802
2016,A_cardinality_1to1,slope_2000,0.088028,0.910766,0.089234,0.040232,0.130298
2016,A_cardinality_1to1,elevation_2000,0.088992,1.29241,0.29241,0.071666,0.193093
2016,A_cardinality_1to1,population_count_2000,0.038639,0.51623,0.48377,0.091782,0.243328
2016,A_cardinality_1to1,traveltime_2000_2000,0.016283,1.115683,0.115683,0.046658,0.142857
2018,A_cardinality_1to1,treecover_area_2000,0.058932,1.002302,0.002302,0.0557,0.205193
2018,A_cardinality_1to1,slope_2000,0.025953,1.009724,0.009724,0.045852,0.120603
2018,A_cardinality_1to1,elevation_2000,0.053951,1.255712,0.255712,0.063193,0.174204
2018,A_cardinality_1to1,population_count_2000,0.077856,0.141272,0.858728,0.043754,0.113065
2018,A_cardinality_1to1,traveltime_2000_2000,0.030337,1.019226,0.019226,0.057366,0.180067
2021,A_cardinality_1to1,treecover_area_2000,0.017277,1.117072,0.117072,0.032397,0.111805
2021,A_cardinality_1to1,slope_2000,0.040553,1.153644,0.153644,0.048177,0.123048
2021,A_cardinality_1to1,elevation_2000,0.089201,1.195339,0.195339,0.037471,0.124922
2021,A_cardinality_1to1,population_count_2000,0.028249,0.872968,0.127032,0.033717,0.104934
2021,A_cardinality_1to1,traveltime_2000_2000,0.087567999999999993,1.277784,0.277784,0.051878,0.12867
1997,B_profile_att,treecover_area_2000,0.099692,1.343718,0.343718,0.074023,0.223937
1997,B_profile_att,slope_2000,0.099842,2.211507,1.211507,0.113261,0.222792
1997,B_profile_att,elevation_2000,0.073314,1.164565,0.164565,0.078209,0.249834
1997,B_profile_att,population_count_2000,0.099806,0.989793,0.010207,0.062038,0.2235
1997,B_profile_att,traveltime_2000_2000,0.099784,0.462651,0.537349,0.084074,0.238252
2008,B_profile_att,treecover_area_2000,0.099937,1.426237,0.426237,0.072355,0.18756
2008,B_profile_att,slope_2000,0.044013,1.532196,0.532196,0.077852,0.181718
2008,B_profile_att,elevation_2000,0.061934,1.075981,0.075981,0.040921,0.136036
2008,B_profile_att,population_count_2000,0.099693,1.068329,0.068329,0.047125,0.166684
2008,B_profile_att,traveltime_2000_2000,0.046833,1.012315,0.012315,0.068172,0.161541
2011,B_profile_att,treecover_area_2000,0.072624,0.798458,0.201542,0.049884,0.148563
2011,B_profile_att,slope_2000,0.099769,1.332952,0.332952,0.071964,0.217239
2011,B_profile_att,elevation_2000,0.099945,1.382032,0.382032,0.111906,0.249645
2011,B_profile_att,population_count_2000,0.097612,0.094591,0.905409,0.140454,0.331443
2011,B_profile_att,traveltime_2000_2000,0.099993,2.371002,1.371002,0.140472,0.350977
2013,B_profile_att,treecover_area_2000,0.099833,0.959724,0.040276,0.064953,0.166871
2013,B_profile_att,slope_2000,0.099714,0.859693,0.140307,0.035231,0.127585
2013,B_profile_att,elevation_2000,0.099409,1.50645,0.50645,0.090885,0.211783
2013,B_profile_att,population_count_2000,0.097473,0.266104,0.733896,0.098518,0.249617
2013,B_profile_att,traveltime_2000_2000,0.072173,2.006463,1.006463,0.087389,0.180869
2016,B_profile_att,treecover_area_2000,0.099896,0.919701,0.080299,0.078395,0.211999
2016,B_profile_att,slope_2000,0.099914,1.11549,0.11549,0.053934,0.134539
2016,B_profile_att,elevation_2000,0.072049,1.586202,0.586202,0.087545,0.189668
2016,B_profile_att,population_count_2000,0.099949,0.544793,0.455207,0.050482,0.192553
2016,B_profile_att,traveltime_2000_2000,0.019048,1.833257,0.833257,0.051825,0.155697
2018,B_profile_att,treecover_area_2000,0.099773,1.1232,0.1232,0.049748,0.142011
2018,B_profile_att,slope_2000,0.071082,1.543047,0.543047,0.093046,0.191685
2018,B_profile_att,elevation_2000,0.036368,1.388998,0.388998,0.082756,0.190406
2018,B_profile_att,population_count_2000,0.065875,0.741677,0.258323,0.032706,0.094711
2018,B_profile_att,traveltime_2000_2000,0.099989,1.522462,0.522462,0.095032,0.182125
2021,B_profile_att,treecover_area_2000,0.099976,1.236223,0.236223,0.06333,0.179968
2021,B_profile_att,slope_2000,0.054429,1.230526,0.230526,0.046418,0.116602
2021,B_profile_att,elevation_2000,0.099989,1.246422,0.246422,0.032906,0.082797
2021,B_profile_att,population_count_2000,0.099888,1.159173,0.159173,0.049205,0.143504
2021,B_profile_att,traveltime_2000_2000,0.078751,1.61271,0.61271,0.039343,0.096958
1997,C_entropy_att,treecover_area_2000,5e-6,1.165689,0.165689,0.052346,0.149648
1997,C_entropy_att,slope_2000,1e-5,1.845231,0.845231,0.085869,0.220896
1997,C_entropy_att,elevation_2000,1.4e-5,1.426999,0.426999,0.086135,0.273242
1997,C_entropy_att,population_count_2000,1.1e-5,1.031283,0.031283,0.057412,0.219241
1997,C_entropy_att,traveltime_2000_2000,4e-6,0.647322,0.352678,0.069938,0.212962
2008,C_entropy_att,treecover_area_2000,7e-6,1.073494,0.073494,0.029657,0.106026
2008,C_entropy_att,slope_2000,1e-6,1.483654,0.483654,0.076474,0.169565
2008,C_entropy_att,elevation_2000,2e-6,1.165803,0.165803,0.035377,0.116403
2008,C_entropy_att,population_count_2000,2e-6,1.45636,0.45636,0.031397,0.131603
2008,C_entropy_att,traveltime_2000_2000,7e-6,0.955516,0.044484,0.064804,0.149224
2011,C_entropy_att,treecover_area_2000,2e-6,0.803235,0.196765,0.066578,0.172557
2011,C_entropy_att,slope_2000,4e-6,1.478778,0.478778,0.054806,0.144704
2011,C_entropy_att,elevation_2000,4e-6,1.420463,0.420463,0.06158,0.241168
2011,C_entropy_att,population_count_2000,1e-6,0.123012,0.876988,0.074146,0.201447
2011,C_entropy_att,traveltime_2000_2000,9e-6,1.605161,0.605161,0.078903,0.238324
2013,C_entropy_att,treecover_area_2000,3e-6,0.962552,0.037448,0.042062,0.125901
2013,C_entropy_att,slope_2000,2e-6,0.920403,0.079597,0.038943,0.12344
2013,C_entropy_att,elevation_2000,2e-6,1.409587,0.409587,0.046882,0.122053
2013,C_entropy_att,population_count_2000,2.32e-4,0.375372,0.624628,0.08671,0.252486
2013,C_entropy_att,traveltime_2000_2000,1e-6,2.43821,1.43821,0.077924,0.188646
2016,C_entropy_att,treecover_area_2000,5e-6,1.018836,0.018836,0.052432,0.192036
2016,C_entropy_att,slope_2000,1e-6,1.133239,0.133239,0.039876,0.108373
2016,C_entropy_att,elevation_2000,4e-6,1.415837,0.415837,0.041459,0.134133
2016,C_entropy_att,population_count_2000,1.9e-4,0.662463,0.337537,0.038942,0.189528
2016,C_entropy_att,traveltime_2000_2000,2e-6,1.588692,0.588692,0.040516,0.126584
2018,C_entropy_att,treecover_area_2000,0,0.935637,0.064363,0.027397,0.108653
2018,C_entropy_att,slope_2000,0,1.64428,0.64428,0.101391,0.180381
2018,C_entropy_att,elevation_2000,0,1.419598,0.419598,0.065772,0.149437
2018,C_entropy_att,population_count_2000,0,1.092614,0.092614,0.043414,0.108744
2018,C_entropy_att,traveltime_2000_2000,0,1.112964,0.112964,0.080907,0.195834
2021,C_entropy_att,treecover_area_2000,4e-6,0.963459,0.036541,0.025471,0.101835
2021,C_entropy_att,slope_2000,0,1.166987,0.166987,0.042972,0.095311
2021,C_entropy_att,elevation_2000,8e-6,1.186334,0.186334,0.03401,0.102667
2021,C_entropy_att,population_count_2000,2.1e-5,1.272471,0.272471,0.027661,0.084708
2021,C_entropy_att,traveltime_2000_2000,5e-6,1.565173,0.565173,0.045356,0.126003
