year,rep,retained_treated,eligible_treated,treated_retention_pct,max_smd,treated_clusters,treated_PAs,control_clusters,error
1997,1,NA,NA,NA,5.2e-5,NA,NA,88,NA
1997,2,NA,NA,NA,1.2e-5,NA,NA,88,NA
1997,3,NA,NA,NA,3e-6,NA,NA,88,NA
1997,4,NA,NA,NA,3e-6,NA,NA,88,NA
1997,5,NA,NA,NA,2e-6,NA,NA,88,NA
1997,6,NA,NA,NA,2.5e-5,NA,NA,88,NA
1997,7,NA,NA,NA,3e-5,NA,NA,88,NA
1997,8,NA,NA,NA,7.4e-5,NA,NA,88,NA
1997,9,NA,NA,NA,1.6e-5,NA,NA,88,NA
1997,10,NA,NA,NA,3e-6,NA,NA,88,NA
1997,11,NA,NA,NA,3e-6,NA,NA,88,NA
1997,12,NA,NA,NA,3e-6,NA,NA,88,NA
1997,13,NA,NA,NA,1e-5,NA,NA,88,NA
1997,14,NA,NA,NA,5e-6,NA,NA,88,NA
1997,15,NA,NA,NA,7.8e-5,NA,NA,88,NA
1997,16,NA,NA,NA,1.18e-4,NA,NA,88,NA
1997,17,NA,NA,NA,7.9e-5,NA,NA,88,NA
1997,18,NA,NA,NA,8e-6,NA,NA,88,NA
1997,19,NA,NA,NA,1.3e-5,NA,NA,88,NA
1997,20,NA,NA,NA,3e-6,NA,NA,88,NA
2011,1,NA,NA,NA,1.02e-4,NA,NA,122,NA
2011,2,NA,NA,NA,1.25e-4,NA,NA,122,NA
2011,3,NA,NA,NA,5e-6,NA,NA,122,NA
2011,4,NA,NA,NA,2.2e-5,NA,NA,122,NA
2011,5,NA,NA,NA,7.2e-5,NA,NA,122,NA
2011,6,NA,NA,NA,7.8e-5,NA,NA,122,NA
2011,7,NA,NA,NA,5.7e-5,NA,NA,122,NA
2011,8,NA,NA,NA,3.9e-5,NA,NA,122,NA
2011,9,NA,NA,NA,2.7e-5,NA,NA,122,NA
2011,10,NA,NA,NA,1.46e-4,NA,NA,122,NA
2011,11,NA,NA,NA,2.8e-5,NA,NA,122,NA
2011,12,NA,NA,NA,3.2e-5,NA,NA,122,NA
2011,13,NA,NA,NA,2.1e-5,NA,NA,122,NA
2011,14,NA,NA,NA,2.5e-5,NA,NA,122,NA
2011,15,NA,NA,NA,6e-6,NA,NA,122,NA
2011,16,NA,NA,NA,6.9e-5,NA,NA,122,NA
2011,17,NA,NA,NA,8e-5,NA,NA,122,NA
2011,18,NA,NA,NA,4.3e-5,NA,NA,122,NA
2011,19,NA,NA,NA,2.25e-4,NA,NA,122,NA
2011,20,NA,NA,NA,9.5e-5,NA,NA,122,NA
