group,time,estimate,std.error,crit_value,band_lower,band_upper,pre_post
2011,2008,-6.8468014913836726,8.867017081795858,2.455686687784735,-28.62141729950961,14.927814316742264,pre
2011,2011,4.751537249922102,9.235706323468968,2.455686687784735,-17.92846382090994,27.431538320754143,post
2011,2013,-3.070152657887718,5.467737206197605,2.455686687784735,-16.497202127452475,10.35689681167704,post
2011,2016,-5.129728748083437,5.89231799400615,2.455686687784735,-19.599415606158793,9.339958109991919,post
2011,2018,2.744556535558253,6.223788845565893,2.455686687784735,-12.539118880081034,18.02823195119754,post
2011,2021,6.043963818821773,5.155830741598455,2.455686687784735,-6.6171410977928495,18.705068735436395,post
2016,2008,1.0577464680249946,14.178005956541499,2.455686687784735,-33.758994018786645,35.874486954836634,pre
2016,2011,22.750721617263615,19.8982858732881,2.455686687784735,-26.113234111505022,71.61467734603225,pre
2016,2013,-27.63821355799557,66.6371451985344,2.455686687784735,-191.27816393401497,136.0017368180238,pre
2016,2016,NA,NA,2.455686687784735,NA,NA,post
2016,2018,28.201399258181745,9.471630835924282,2.455686687784735,4.942041502791085,51.460757013572405,post
2016,2021,40.282803291200295,18.538105096663113,2.455686687784735,-5.240974611429657,85.80658119383025,post
2021,2008,NA,NA,2.455686687784735,NA,NA,pre
2021,2011,NA,NA,2.455686687784735,NA,NA,pre
2021,2013,NA,NA,2.455686687784735,NA,NA,pre
2021,2016,NA,NA,2.455686687784735,NA,NA,pre
2021,2018,NA,NA,2.455686687784735,NA,NA,pre
2021,2021,-17.565002651862017,6.784089064277061,2.455686687784735,-34.2245998557532,-0.9054054479708391,post
