cohort,DHSYEAR,n_treated,n_control,n_pas,w_mass_treated,w_mass_total,max_smd,var_max_smd,flag_no_treated,flag_weak_support,flag_smd_gt_10
2011,1997,253,2918,7,241.90369,3347.87318,1.001106818009376,elevation_2000,FALSE,FALSE,TRUE
2011,2008,1006,6323,25,904.1666759999999,7549.959748,0.20606555703434143,elevation_2000,FALSE,FALSE,TRUE
2011,2011,409,1910,10,420.350386,2009.9718990000001,0.33609018774528227,treecover_area_2000,FALSE,FALSE,TRUE
2011,2013,692,3175,15,687.266476,4646.856034,0.1808023856344922,population_count_2000,FALSE,FALSE,TRUE
2011,2016,637,4296,15,620.48752,4885.806662,0.09499932480138089,population_count_2000,FALSE,FALSE,FALSE
2011,2018,875,6009,22,860.865793,6368.026697,0.6546640407975834,population_count_2000,FALSE,FALSE,TRUE
2011,2021,1374,5922,30,1275.652566,7206.566267,0.449051705212538,population_count_2000,FALSE,FALSE,TRUE
2016,1997,82,2918,2,111.133819,3217.103309,1.7723263542307102,slope_2000,FALSE,FALSE,TRUE
2016,2008,119,6323,4,142.851274,6788.644346,1.1858810542540907,treecover_area_2000,FALSE,FALSE,TRUE
2016,2011,32,1910,1,41.777344,1631.3988570000001,NA,NA,FALSE,FALSE,NA
2016,2013,32,3175,1,75.11472,4034.704278,NA,NA,FALSE,FALSE,NA
2016,2016,0,4296,0,0,4265.319142,NA,NA,TRUE,TRUE,NA
2016,2018,173,6009,4,172.793086,5679.95399,1.2651813292361727,slope_2000,FALSE,FALSE,TRUE
2016,2021,163,5922,2,185.298313,6116.212014000001,2.2351062961582753,traveltime_2000_2000,FALSE,FALSE,TRUE
2021,1997,0,2918,0,0,3105.96949,NA,NA,TRUE,TRUE,NA
2021,2008,30,6323,1,20.24994,6666.043012,NA,NA,FALSE,FALSE,NA
2021,2011,0,1910,0,0,1589.621513,NA,NA,TRUE,TRUE,NA
2021,2013,0,3175,0,0,3959.589558,NA,NA,TRUE,TRUE,NA
2021,2016,0,4296,0,0,4265.319142,NA,NA,TRUE,TRUE,NA
2021,2018,25,6009,1,38.941475,5546.102379,NA,NA,FALSE,TRUE,NA
2021,2021,64,5922,2,77.240296,6008.153997,170.98569590126462,treecover_area_2000,FALSE,FALSE,TRUE
