event_time,estimate,w_2011,w_2016,w_2021,group,time,cell_att,cell_se,crit_value,treated_hh,treated_clusters,treated_pas,control_hh,control_clusters,cohort_wave_max_smd,agg_weight
-8,1.0577464680249946,0,1,0,2016,2008,1.0577464680249946,14.178005956541499,2.455686687784735,119,4,4,6323,214,1.1858810542540907,1
-5,22.750721617263615,0,1,0,2016,2011,22.750721617263615,19.8982858732881,2.455686687784735,32,1,1,1910,66,NA,1
-3,-9.487425019613937,0.8729945075509932,0.12700549244900677,0,2011,2008,-6.8468014913836726,8.867017081795858,2.455686687784735,1006,33,25,6323,214,0.20606555703434143,0.8729945075509932
-3,-9.487425019613937,0.8729945075509932,0.12700549244900677,0,2016,2013,-27.63821355799557,66.6371451985344,2.455686687784735,32,1,1,3175,105,NA,0.12700549244900677
0,4.160006282623112,0.9734936074363527,0,0.026506392563647372,2011,2011,4.751537249922102,9.235706323468968,2.455686687784735,409,14,10,1910,66,0.33609018774528227,0.9734936074363527
0,4.160006282623112,0.9734936074363527,0,0.026506392563647372,2021,2021,-17.565002651862017,6.784089064277061,2.455686687784735,64,2,2,5922,189,170.98569590126462,0.026506392563647372
2,0.901506192857366,0.8729945075509932,0.12700549244900677,0,2011,2013,-3.070152657887718,5.467737206197605,2.455686687784735,692,22,15,3175,105,0.1808023856344922,0.8729945075509932
2,0.901506192857366,0.8729945075509932,0.12700549244900677,0,2016,2018,28.201399258181745,9.471630835924282,2.455686687784735,173,8,4,6009,263,1.2651813292361727,0.12700549244900677
5,0.6379122469220908,0.8729945075509932,0.12700549244900677,0,2011,2016,-5.129728748083437,5.89231799400615,2.455686687784735,637,20,15,4296,139,0.09499932480138089,0.8729945075509932
5,0.6379122469220908,0.8729945075509932,0.12700549244900677,0,2016,2021,40.282803291200295,18.538105096663113,2.455686687784735,163,5,2,5922,189,2.2351062961582753,0.12700549244900677
7,2.744556535558253,1,0,0,2011,2018,2.744556535558253,6.223788845565893,2.455686687784735,875,37,22,6009,263,0.6546640407975834,1
10,6.043963818821773,1,0,0,2011,2021,6.043963818821773,5.155830741598455,2.455686687784735,1374,45,30,5922,189,0.449051705212538,1
