cohort,wave,event_time,estimable,att,se,band_lower,band_upper,treated_hh,treated_clusters,treated_pas,cohort_wave_max_smd
2016,2008,-8,TRUE,1.0577464680249946,14.178005956541499,-33.758994018786645,35.874486954836634,119,4,4,1.1858810542540907
2016,2011,-5,TRUE,22.750721617263615,19.8982858732881,-26.113234111505022,71.61467734603225,32,1,1,NA
2016,2013,-3,TRUE,-27.63821355799557,66.6371451985344,-191.27816393401497,136.0017368180238,32,1,1,NA
2016,2016,0,FALSE,NA,NA,NA,NA,0,0,0,NA
2016,2018,2,TRUE,28.201399258181745,9.471630835924282,4.942041502791085,51.460757013572405,173,8,4,1.2651813292361727
2016,2021,5,TRUE,40.282803291200295,18.538105096663113,-5.240974611429657,85.80658119383025,163,5,2,2.2351062961582753
2021,2008,-13,FALSE,NA,NA,NA,NA,30,1,1,NA
2021,2011,-10,FALSE,NA,NA,NA,NA,0,0,0,NA
2021,2013,-8,FALSE,NA,NA,NA,NA,0,0,0,NA
2021,2016,-5,FALSE,NA,NA,NA,NA,0,0,0,NA
2021,2018,-3,FALSE,NA,NA,NA,NA,25,1,1,NA
2021,2021,0,TRUE,-17.565002651862017,6.784089064277061,-34.2245998557532,-0.9054054479708391,64,2,2,170.98569590126462
