bin,estimate,std.error,conf_low,conf_high,crit_simultaneous,band_lower,band_upper,n_cells,cohorts,pas_represented,treated_hh,treated_mass,placebo_hh,placebo_mass
-8:-7,0.018295813454039165,0.011872476349731315,-0.004973812598737776,0.041565439506816106,2.4732007865658603,-0.011067204392600897,0.04765883130067923,1,2015,3,0,0,88,85.476598
-6:-5,-0.10248528160839945,0.04270920829168659,-0.18619379166832462,-0.018776771548474305,2.4732007865658603,-0.2081137291490039,0.003143165932204983,1,2014,1,0,0,31,57.374676
-4:-3,-0.008080654012552554,0.0169110917966628,-0.041225784873262394,0.025064476848157283,2.4732007865658603,-0.04990517954574646,0.03374387152064135,1,2015,1,0,0,32,41.777344
-2:-1,-0.002573964724329118,0.0160811388178611,-0.034092417637725886,0.02894448818906765,2.4732007865658603,-0.04234584989753798,0.03719792044887975,2,2009;2015,27,0,0,1063,1018.2228709999999
0:1,-0.02464188140085591,0.023507279723595047,-0.07071530303361087,0.021431540231899047,2.4732007865658603,-0.08278010410327488,0.033496341301563065,1,2020,2,64,77.240296,0,0
2:3,-0.020765701318878456,0.041812625300554664,-0.10271694100703382,0.06118553836927692,2.4732007865658603,-0.12417671910059383,0.08264531646283693,2,2009;2015,13,485,481.917055,0,0
4:5,3.9249486255923174e-4,0.014448204867092357,-0.0279254663181981,0.028710456043316564,2.4732007865658603,-0.03534081677919828,0.036125806504316745,1,2009,16,789,798.492893,0,0
6:7,6.470467689817266e-4,0.005191736223129591,-0.009528569245584274,0.010822662783547729,2.4732007865658603,-0.012193159341704845,0.0134872528796683,2,2009;2015,17,800,805.785833,0,0
8:9,0.034757143782487496,0.02769311169189633,-0.019520357753474382,0.08903464531844937,2.4732007865658603,-0.033733481836366735,0.10324776940134173,1,2009,22,875,860.865793,0,0
>=10,0.006580355306069817,0.004159064881708739,-0.0015712620714446492,0.014731972683584282,2.4732007865658603,-0.0037058472307506824,0.016866557842890317,1,2009,30,1374,1275.652566,0,0
