base_period,g_eff,t,post,base_wave,placeholder,hh_tr_t,hh_tr_base,cl_tr_t,cl_tr_base,pa_t,pa_base,hh_ctrl_t,hh_ctrl_base,cl_ctrl_t,cl_ctrl_base,estimable,reason
varying,2009,2008,0,1997,FALSE,1006,253,33,8,25,7,6323,2918,214,88,TRUE,
varying,2009,2011,1,2008,FALSE,409,1006,14,33,10,25,1910,6323,66,214,TRUE,
varying,2009,2013,1,2011,FALSE,692,409,22,14,15,10,3175,1910,105,66,TRUE,
varying,2009,2016,1,2013,FALSE,637,692,20,22,15,15,4296,3175,139,105,TRUE,
varying,2009,2018,1,2016,FALSE,875,637,37,20,22,15,6009,4296,263,139,TRUE,
varying,2009,2021,1,2018,FALSE,1374,875,45,37,30,22,5922,6009,189,263,TRUE,
varying,2014,2008,0,1997,FALSE,31,55,1,2,1,1,6323,2918,214,88,TRUE,
varying,2014,2011,0,2008,FALSE,0,31,0,1,0,1,1910,6323,66,214,FALSE,no treated HH at t
varying,2014,2013,0,2011,FALSE,0,0,0,0,0,0,3175,1910,105,66,FALSE,no treated HH at t; no treated HH at base
varying,2014,2016,1,2013,FALSE,0,0,0,0,0,0,4296,3175,139,105,FALSE,no treated HH at t; no treated HH at base
varying,2014,2018,1,2016,FALSE,97,0,4,0,1,0,6009,4296,263,139,FALSE,no treated HH at base
varying,2014,2021,1,2018,FALSE,64,97,2,4,1,1,5922,6009,189,263,TRUE,
varying,2015,2008,0,1997,FALSE,88,27,3,1,3,1,6323,2918,214,88,TRUE,
varying,2015,2011,0,2008,FALSE,32,88,1,3,1,3,1910,6323,66,214,TRUE,
varying,2015,2013,0,2011,FALSE,32,32,1,1,1,1,3175,1910,105,66,TRUE,
varying,2015,2016,1,2013,FALSE,0,32,0,1,0,1,4296,3175,139,105,FALSE,no treated HH at t
varying,2015,2018,1,2016,FALSE,76,0,4,0,3,0,6009,4296,263,139,FALSE,no treated HH at base
varying,2015,2021,1,2018,FALSE,99,76,3,4,1,3,5922,6009,189,263,TRUE,
varying,2020,2008,0,1997,FALSE,30,0,1,0,1,0,6323,2918,214,88,FALSE,no treated HH at base
varying,2020,2011,0,2008,FALSE,0,30,0,1,0,1,1910,6323,66,214,FALSE,no treated HH at t
varying,2020,2013,0,2011,FALSE,0,0,0,0,0,0,3175,1910,105,66,FALSE,no treated HH at t; no treated HH at base
varying,2020,2016,0,2013,FALSE,0,0,0,0,0,0,4296,3175,139,105,FALSE,no treated HH at t; no treated HH at base
varying,2020,2018,0,2016,FALSE,25,0,1,0,1,0,6009,4296,263,139,FALSE,no treated HH at base
varying,2020,2021,1,2018,FALSE,64,25,2,1,2,1,5922,6009,189,263,TRUE,
universal,2009,1997,0,2008,FALSE,253,1006,8,33,7,25,2918,6323,88,214,TRUE,
universal,2009,2008,0,2008,TRUE,1006,1006,33,33,25,25,6323,6323,214,214,FALSE,base-period placeholder (att = 0)
universal,2009,2011,1,2008,FALSE,409,1006,14,33,10,25,1910,6323,66,214,TRUE,
universal,2009,2013,1,2008,FALSE,692,1006,22,33,15,25,3175,6323,105,214,TRUE,
universal,2009,2016,1,2008,FALSE,637,1006,20,33,15,25,4296,6323,139,214,TRUE,
universal,2009,2018,1,2008,FALSE,875,1006,37,33,22,25,6009,6323,263,214,TRUE,
universal,2009,2021,1,2008,FALSE,1374,1006,45,33,30,25,5922,6323,189,214,TRUE,
universal,2014,1997,0,2013,FALSE,55,0,2,0,1,0,2918,3175,88,105,FALSE,no treated HH at base
universal,2014,2008,0,2013,FALSE,31,0,1,0,1,0,6323,3175,214,105,FALSE,no treated HH at base
universal,2014,2011,0,2013,FALSE,0,0,0,0,0,0,1910,3175,66,105,FALSE,no treated HH at t; no treated HH at base
universal,2014,2013,0,2013,TRUE,0,0,0,0,0,0,3175,3175,105,105,FALSE,no treated HH at t; no treated HH at base
universal,2014,2016,1,2013,FALSE,0,0,0,0,0,0,4296,3175,139,105,FALSE,no treated HH at t; no treated HH at base
universal,2014,2018,1,2013,FALSE,97,0,4,0,1,0,6009,3175,263,105,FALSE,no treated HH at base
universal,2014,2021,1,2013,FALSE,64,0,2,0,1,0,5922,3175,189,105,FALSE,no treated HH at base
universal,2015,1997,0,2013,FALSE,27,32,1,1,1,1,2918,3175,88,105,TRUE,
universal,2015,2008,0,2013,FALSE,88,32,3,1,3,1,6323,3175,214,105,TRUE,
universal,2015,2011,0,2013,FALSE,32,32,1,1,1,1,1910,3175,66,105,TRUE,
universal,2015,2013,0,2013,TRUE,32,32,1,1,1,1,3175,3175,105,105,FALSE,base-period placeholder (att = 0)
universal,2015,2016,1,2013,FALSE,0,32,0,1,0,1,4296,3175,139,105,FALSE,no treated HH at t
universal,2015,2018,1,2013,FALSE,76,32,4,1,3,1,6009,3175,263,105,TRUE,
universal,2015,2021,1,2013,FALSE,99,32,3,1,1,1,5922,3175,189,105,TRUE,
universal,2020,1997,0,2018,FALSE,0,25,0,1,0,1,2918,6009,88,263,FALSE,no treated HH at t
universal,2020,2008,0,2018,FALSE,30,25,1,1,1,1,6323,6009,214,263,TRUE,
universal,2020,2011,0,2018,FALSE,0,25,0,1,0,1,1910,6009,66,263,FALSE,no treated HH at t
universal,2020,2013,0,2018,FALSE,0,25,0,1,0,1,3175,6009,105,263,FALSE,no treated HH at t
universal,2020,2016,0,2018,FALSE,0,25,0,1,0,1,4296,6009,139,263,FALSE,no treated HH at t
universal,2020,2018,0,2018,TRUE,25,25,1,1,1,1,6009,6009,263,263,FALSE,base-period placeholder (att = 0)
universal,2020,2021,1,2018,FALSE,64,25,2,1,2,1,5922,6009,189,263,TRUE,
