base_period,g_eff,t,period,group,n,mean_ps,min_ps,max_ps
varying,2009,2011,post,treated,409,0.17220104912925135,0.05901898992547047,0.22324729619880967
varying,2009,2011,post,control,1910,0.16150682479895487,0.07742880452469034,0.21619258831429222
varying,2009,2011,base,treated,1006,0.15047772156227945,0.06252179615137043,0.27934457677277313
varying,2009,2011,base,control,6323,0.13636942873917327,0.04797075853545786,0.33041435400827585
varying,2009,2013,post,treated,692,0.14761095167177551,0.06075123635416506,0.45859620836928017
varying,2009,2013,post,control,3175,0.16035835656387823,0.04480237596157124,0.3211282280760813
varying,2009,2013,base,treated,409,0.19871193631532602,0.09418775123420586,0.4528287569380275
varying,2009,2013,base,control,1910,0.19059687552335075,0.06125278715087062,0.3579218850634479
varying,2009,2016,post,treated,637,0.16585957376047358,0.06568438882413745,0.33143388926901923
varying,2009,2016,post,control,4296,0.1475308006936181,0.06346333680019003,0.36168209842862925
varying,2009,2016,base,treated,692,0.12831919904364852,0.05208209359948337,0.2595475039046729
varying,2009,2016,base,control,3175,0.11770617291643246,0.0032227367314279403,0.33922858316884524
varying,2009,2018,post,treated,875,0.134869287286005,0.06753720067531988,0.2959704046855726
varying,2009,2018,post,control,6009,0.10707714328943667,0.005920629978155849,0.24521979564929164
varying,2009,2018,base,treated,637,0.17219209321044093,0.07505318864191725,0.28124236991116475
varying,2009,2018,base,control,4296,0.15323561862188895,0.06299328997622224,0.31067200828215846
varying,2009,2021,post,treated,1374,0.23850949753566178,0.042326269230728956,0.45687164850068
varying,2009,2021,post,control,5922,0.20361090842159463,0.018231944073083543,0.42442249781874164
varying,2009,2021,base,treated,875,0.15580708402265353,0.020865262940571085,0.36434096398827315
varying,2009,2021,base,control,6009,0.1139389474984949,3.979936375204258e-4,0.32232830321081035
varying,2014,2021,post,treated,64,0.48574655859547927,0.07752426194468318,0.8939081220655875
varying,2014,2021,post,control,5922,0.0059166874514735455,1.0012084700633226e-8,0.2974234722638761
varying,2014,2021,base,treated,97,0.4663706340914537,0.052233733810963336,0.7524319479798385
varying,2014,2021,base,control,6009,0.010173598817157684,4.283945101751851e-9,0.49021390121648994
varying,2015,2021,post,treated,99,0.3046801324501752,0.10949520405611127,0.593072574790923
varying,2015,2021,post,control,5922,0.012935413443942986,2.2204460492503126e-16,0.8768279536674962
varying,2015,2021,base,treated,76,0.12755316638726105,0.003526063429301094,0.3347108132003078
varying,2015,2021,base,control,6009,0.006826557282044789,2.2204460492503126e-16,0.38342855003823306
varying,2020,2021,post,treated,64,0.028513101762715206,0.002877353819324239,0.056502072022730644
varying,2020,2021,post,control,5922,0.010258036560696487,8.655551808153842e-5,0.1907269703604202
varying,2020,2021,base,treated,25,0.088022663778811,0.06855387591107194,0.0926204350881865
varying,2020,2021,base,control,6009,0.00755932862223201,1.0997411996313956e-4,0.10485565017944218
universal,2009,2011,post,treated,409,0.17220104912925135,0.05901898992547047,0.22324729619880967
universal,2009,2011,post,control,1910,0.16150682479895487,0.07742880452469034,0.21619258831429222
universal,2009,2011,base,treated,1006,0.15047772156227945,0.06252179615137043,0.27934457677277313
universal,2009,2011,base,control,6323,0.13636942873917327,0.04797075853545786,0.33041435400827585
universal,2009,2013,post,treated,692,0.13988372042988162,0.06453936617136706,0.25277214095405465
universal,2009,2013,post,control,3175,0.12699076942119827,0.0018785992084003546,0.291476442826828
universal,2009,2013,base,treated,1006,0.1640952579722284,0.006178211584343705,0.34563644501194113
universal,2009,2013,base,control,6323,0.134694979635354,0.020458090552504707,0.3591982898034651
universal,2009,2016,post,treated,637,0.14487372844645469,0.05485170590490516,0.2676632296232167
universal,2009,2016,post,control,4296,0.1291111650624322,0.04124149120675951,0.2616664291088819
universal,2009,2016,base,treated,1006,0.12414412581073127,0.011914404660910542,0.26182354281222797
universal,2009,2016,base,control,6323,0.11546866888115485,0.010169043998326653,0.24846798715773286
universal,2009,2018,post,treated,875,0.14490977889959533,0.04830971373846348,0.29351013443153207
universal,2009,2018,post,control,6009,0.11519370554787774,0.002581810627301037,0.26081087454820373
universal,2009,2018,base,treated,1006,0.14691555739289353,0.012510154358644228,0.2809052552055084
universal,2009,2018,base,control,6323,0.13988534191618654,0.02258692935412488,0.29387606736802785
universal,2009,2021,post,treated,1374,0.1890828287809471,0.0226045344171771,0.3566468912335159
universal,2009,2021,post,control,5922,0.15674519823647934,0.021159493097251292,0.3781251617081784
universal,2009,2021,base,treated,1006,0.17376327731748642,0.0016538581745996768,0.35595135932556604
universal,2009,2021,base,control,6323,0.1495772545652703,0.00954481563897243,0.3889834073705694
universal,2015,2018,post,treated,76,0.07897021805887877,0.0032840277954065363,0.22656058214028824
universal,2015,2018,post,control,6009,0.017330619652148445,1.4941415647308272e-5,0.3587268054697937
universal,2015,2018,base,treated,32,0.0414073789938188,0.03172744720210592,0.0540572704637643
universal,2015,2018,base,control,3175,0.006572812950433106,1.0621482463580943e-5,0.11558759698518772
universal,2015,2021,post,treated,99,0.08425095449948648,0.03882257753058579,0.1835711162480266
universal,2015,2021,post,control,5922,0.018739284263782952,9.72134366858975e-10,0.3880442811458021
universal,2015,2021,base,treated,32,0.23049272756147438,0.22062899777758174,0.2482587810596881
universal,2015,2021,base,control,3175,0.003549740264688939,4.534520007166634e-9,0.08415569255184553
universal,2020,2021,post,treated,64,0.028513101762715206,0.002877353819324239,0.056502072022730644
universal,2020,2021,post,control,5922,0.010258036560696487,8.655551808153842e-5,0.1907269703604202
universal,2020,2021,base,treated,25,0.088022663778811,0.06855387591107194,0.0926204350881865
universal,2020,2021,base,control,6009,0.00755932862223201,1.0997411996313956e-4,0.10485565017944218
