base_period,g_eff,t,base_wave,ps_model,n_treated,n_controls,n_ctl_trimmed_995,max_ps_control,share_ctl_gt_95,share_ctl_gt_99,share_ctl_gt_995,ess_ctl_post,ess_ctl_base,n_ctl_post,n_ctl_base,logit_converged
varying,2009,2011,2008,"fastglm(method=3, weighted)",1415,8233,0,0.33041435400827585,0,0,0,897.7526167373161,4372.467132656335,1910,6323,TRUE
varying,2009,2013,2011,"fastglm(method=3, weighted)",1101,5085,0,0.3579218850634479,0,0,0,1519.4129251110012,790.1093874374109,3175,1910,TRUE
varying,2009,2016,2013,"fastglm(method=3, weighted)",1329,7471,0,0.36168209842862925,0,0,0,2527.7796422560496,1544.3560629978545,4296,3175,TRUE
varying,2009,2018,2016,"fastglm(method=3, weighted)",1512,10305,0,0.31067200828215846,0,0,0,3685.259993518732,2589.486604294959,6009,4296,TRUE
varying,2009,2021,2018,"fastglm(method=3, weighted)",2249,11931,0,0.42442249781874164,0,0,0,4012.6800249954736,3523.3544842866945,5922,6009,TRUE
varying,2014,2021,2018,"fastglm(method=3, weighted)",161,11931,0,0.49021390121648994,0,0,0,139.8547304069293,154.94373087105268,5922,6009,TRUE
varying,2015,2021,2018,"fastglm(method=3, weighted)",175,11931,0,0.8768279536674962,0,0,0,54.80255749040287,187.71612221968923,5922,6009,TRUE
varying,2020,2021,2018,"fastglm(method=3, weighted)",89,11931,0,0.1907269703604202,0,0,0,540.8766908079338,731.5127197431849,5922,6009,TRUE
universal,2009,2011,2008,"fastglm(method=3, weighted)",1415,8233,0,0.33041435400827585,0,0,0,897.7526167373161,4372.467132656335,1910,6323,TRUE
universal,2009,2013,2008,"fastglm(method=3, weighted)",1698,9498,0,0.3591982898034651,0,0,0,1590.440499788944,4261.934922437016,3175,6323,TRUE
universal,2009,2016,2008,"fastglm(method=3, weighted)",1643,10619,0,0.2616664291088819,0,0,0,2530.4498859738073,4223.252892588873,4296,6323,TRUE
universal,2009,2018,2008,"fastglm(method=3, weighted)",1881,12332,0,0.29387606736802785,0,0,0,3834.0850967236074,4498.660530625914,6009,6323,TRUE
universal,2009,2021,2008,"fastglm(method=3, weighted)",2380,12245,0,0.3889834073705694,0,0,0,4091.278124975858,4136.9018795263955,5922,6323,TRUE
universal,2015,2018,2013,"fastglm(method=3, weighted)",108,9184,0,0.3587268054697937,0,0,0,826.4671725554007,444.752348696086,6009,3175,TRUE
universal,2015,2021,2013,"fastglm(method=3, weighted)",131,9097,0,0.3880442811458021,0,0,0,362.71342927599534,227.98568039201064,5922,3175,TRUE
universal,2020,2021,2018,"fastglm(method=3, weighted)",89,11931,0,0.1907269703604202,0,0,0,540.8766908079338,731.5127197431849,5922,6009,TRUE
