base_period,bin_lab,n_cells,n_cohorts,n_PAs,n_clusters,hh_rows,waves,cohorts
universal,<= -9,3,3,31,45,1373,"1997,2008,2013,2018","2009,2015,2020"
universal,-8:-7,1,1,3,4,120,"2008,2013",2015
universal,-4:-3,1,1,2,2,64,"2011,2013",2015
universal,0:1,1,1,2,3,89,"2018,2021",2020
universal,2:3,2,2,29,52,1523,"2008,2011,2013,2018","2009,2015"
universal,4:5,1,1,30,55,1698,"2008,2013",2009
universal,6:7,2,2,31,57,1774,"2008,2013,2016,2021","2009,2015"
universal,8:9,1,1,29,70,1881,"2008,2018",2009
universal,>=10,1,1,33,78,2380,"2008,2021",2009
varying,-8:-7,1,1,3,4,115,"1997,2008",2015
varying,-6:-5,1,1,1,3,86,"1997,2008",2014
varying,-4:-3,1,1,3,4,120,"2008,2011",2015
varying,-2:-1,2,2,29,43,1323,"1997,2008,2011,2013","2009,2015"
varying,0:1,1,1,2,3,89,"2018,2021",2020
varying,2:3,1,1,26,47,1415,"2008,2011",2009
varying,4:5,1,1,19,36,1101,"2011,2013",2009
varying,6:7,3,3,28,55,1665,"2013,2016,2018,2021","2009,2014,2015"
varying,8:9,1,1,25,57,1512,"2016,2018",2009
varying,>=10,1,1,33,82,2249,"2018,2021",2009
