rep,retained_treated,retention_pct,max_smd,treated_clusters,treated_PAs,error
1,598,100,0.0995,19,13,NA
2,600,100,0.0994,19,14,NA
3,597,100,0.0976,19,14,NA
4,596,100,0.0953,19,14,NA
5,596,100,0.0997,19,15,NA
6,596,100,0.1,19,14,NA
7,600,100,0.0995,19,12,NA
8,596,100,0.0995,19,14,NA
9,598,100,0.0998,19,13,NA
10,600,100,0.0999,19,14,NA
11,598,100,0.0997,19,13,NA
12,596,100,0.0995,19,13,NA
13,602,100,0.0998,19,14,NA
14,598,100,0.0995,19,13,NA
15,597,100,0.0998,19,14,NA
16,598,100,0.0996,19,13,NA
17,596,100,0.0991,19,15,NA
18,598,100,0.0999,19,14,NA
19,596,100,0.0991,19,14,NA
20,600,100,0.0987,19,12,NA
21,598,100,0.0965,19,14,NA
22,598,100,0.0974,19,13,NA
23,599,100,0.0995,19,14,NA
24,602,100,0.0995,19,13,NA
25,597,100,0.0996,19,14,NA
26,596,100,0.0996,19,13,NA
27,596,100,0.0989,19,13,NA
28,600,100,0.1,19,12,NA
29,598,100,0.0993,19,15,NA
30,600,100,0.0996,19,14,NA
31,600,100,0.0996,19,12,NA
32,596,100,0.1,19,14,NA
33,596,100,0.1,19,12,NA
34,596,100,0.0987,19,14,NA
35,600,100,0.0987,19,15,NA
36,597,100,0.1,19,15,NA
37,597,100,0.0995,19,14,NA
38,600,100,0.099,19,13,NA
39,600,100,0.0999,19,13,NA
40,597,100,0.0997,19,14,NA
41,596,100,0.0995,19,14,NA
42,596,100,0.0999,19,14,NA
43,598,100,0.0988,19,13,NA
44,596,100,0.0994,19,13,NA
45,600,100,0.0986,19,12,NA
46,600,100,0.0922,19,13,NA
47,599,100,0.0987,19,14,NA
48,598,100,0.0675,19,14,NA
49,597,100,0.0986,19,13,NA
50,602,100,0.0999,19,13,NA
