rep,max_smd,control_ESS,max_control_weight,top5pct_share
1,9.2e-5,1989.9,0.8201,0.1643
2,7e-6,2455.5,0.4772,0.1278
3,1.6e-5,2642.2,0.4124,0.1115
4,5e-6,2698.6,0.4031,0.1029
5,7.8e-5,2098.2,0.5582,0.1557
6,2.2e-5,2459.1,0.4807,0.1119
7,1.6e-5,2790.2,0.2988,0.0869
8,1.8e-5,2393.2,0.5235,0.1189
9,2.35e-4,2470.4,0.431,0.1233
10,1.05e-4,2438.7,0.402,0.1107
11,1.9e-5,2369.5,0.5877,0.1262
12,1.7e-5,2452.8,0.5213,0.136
13,3e-6,2507.2,0.4551,0.1256
14,3.4e-5,2271.7,0.6586,0.1464
15,4.9e-5,2210.2,0.5928,0.141
16,1.48e-4,2626.8,0.4415,0.1073
17,2.2e-5,2484.5,0.4228,0.1102
18,2.4e-5,2210,0.3896,0.1144
19,2.01e-4,2389,0.5057,0.116
20,1.14e-4,2710.3,0.4364,0.1031
21,2.41e-4,2520.4,0.4721,0.1202
22,7e-6,2518.9,0.3623,0.1028
23,1e-5,2632,0.3991,0.1081
24,8.6e-5,2598.8,0.4598,0.105
25,5.9e-5,2437.2,0.4894,0.1236
26,1.23e-4,2094.2,0.4546,0.127
27,3.1e-4,2138.7,0.5432,0.1496
28,6.6e-5,2319.7,0.6531,0.1377
29,1.61e-4,2373.6,0.6197,0.1299
30,1.53e-4,2333.3,0.5039,0.1302
31,7.8e-5,2007.7,0.7984,0.1697
32,1.5e-5,2428.9,0.4077,0.1178
33,1.56e-4,2667.8,0.3524,0.1001
34,1.12e-4,2380.9,0.4868,0.1247
35,9e-6,2185.4,0.3906,0.1141
36,2.7e-5,2239.8,0.5882,0.1304
37,1.78e-4,2455.3,0.5125,0.1292
38,2.6e-5,2336.7,0.577,0.1339
39,3e-6,2356.1,0.4842,0.126
40,1.14e-4,2222,0.7084,0.1442
41,3.5e-5,2524.9,0.3955,0.1067
42,7e-6,1765.9,0.8189,0.1777
43,6.9e-5,2724.3,0.3548,0.0942
44,4.9e-5,1706.7,0.6237,0.1717
45,1.6e-5,2584.5,0.4005,0.1118
46,4.7e-5,2569.8,0.4494,0.1111
47,8e-6,2441.8,0.5547,0.1374
48,1.59e-4,2447.7,0.5194,0.1299
49,2.06e-4,2542.2,0.4865,0.1132
50,4.3e-5,2116,0.5197,0.1334
