year,tolerance,eligible_treated,eligible_control,retained_treated,retained_control,treated_retention_pct,control_retention_pct,max_smd_cobalt,worst_covariate,max_smd_manual_worst,manual_cobalt_absdiff,distinct_control_clusters,cluster_HHI,cluster_ESS,runtime_sec,solver_status
1997,0.1,335,3699,335,2946,100,79.64,0.099842,slope_2000,0.099842,0,89,0.013001,76.9,0.24,optimal
1997,0.095,335,3699,335,2919,100,78.91,0.094998,population_count_2000,0.094998,0,88,0.013101,76.3,0.16,optimal
2008,0.1,1155,9697,1155,6356,100,65.55,0.099937,treecover_area_2000,0.099937,0,214,0.004721,211.8,0.28,optimal
2008,0.095,1155,9697,1155,6323,100,65.21,0.095,treecover_area_2000,0.095,0,214,0.004741,210.9,0.31,optimal
2011,0.1,441,4617,441,1929,100,41.78,0.099993,traveltime_2000_2000,0.099993,0,66,0.015689,63.7,0.2,optimal
2011,0.095,441,4617,441,1910,100,41.37,0.094998,traveltime_2000_2000,0.094998,0,66,0.015895,62.9,0.24,optimal
2013,0.1,724,4455,724,3185,100,71.49,0.099833,treecover_area_2000,0.099833,0,105,0.00974,102.7,0.13,optimal
2013,0.095,724,4455,724,3175,100,71.27,0.094968,slope_2000,0.094968,0,105,0.009753,102.5,0.14,optimal
2016,0.1,637,7170,637,4332,100,60.42,0.099949,population_count_2000,0.099949,0,143,0.007262,137.7,0.25,optimal
2016,0.095,637,7170,637,4296,100,59.92,0.094999,population_count_2000,0.094999,0,139,0.007315,136.7,0.38,optimal
2018,0.1,1194,10731,1194,6837,100,63.71,0.099989,traveltime_2000_2000,0.099989,0,264,0.003796,263.4,0.41,optimal
2018,0.095,1194,10731,1194,6799,100,63.36,0.094999,traveltime_2000_2000,0.094999,0,263,0.003813,262.2,0.45,optimal
2021,0.1,1601,10737,1601,5967,100,55.57,0.099989,elevation_2000,0.099989,0,191,0.005314,188.2,0.48,optimal
2021,0.095,1601,10737,1601,5922,100,55.16,0.094999,elevation_2000,0.094999,0,189,0.005351,186.9,0.64,optimal
