year,tolerance,covariate,smd_before_cobalt_att,smd_after_cobalt_att,smd_after_manual
1997,0.1,treecover_area_2000,0.276285,0.099692,0.099692
1997,0.1,slope_2000,0.232197,0.099842,0.099842
1997,0.1,elevation_2000,0.129553,0.073314,0.073314
1997,0.1,population_count_2000,2.158386,0.099806,0.099806
1997,0.1,traveltime_2000_2000,0.025753,0.099784,0.099784
1997,0.095,treecover_area_2000,0.276285,0.094987,0.094987
1997,0.095,slope_2000,0.232197,0.094971,0.094971
1997,0.095,elevation_2000,0.129553,0.071823,0.071823
1997,0.095,population_count_2000,2.158386,0.094998,0.094998
1997,0.095,traveltime_2000_2000,0.025753,0.094965,0.094965
2011,0.1,treecover_area_2000,0.281439,0.072624,0.072624
2011,0.1,slope_2000,0.621877,0.099769,0.099769
2011,0.1,elevation_2000,0.880315,0.099945,0.099945
2011,0.1,population_count_2000,4.779051,0.097612,0.097612
2011,0.1,traveltime_2000_2000,0.585975,0.099993,0.099993
2011,0.095,treecover_area_2000,0.281439,0.065462,0.065462
2011,0.095,slope_2000,0.621877,0.094879,0.094879
2011,0.095,elevation_2000,0.880315,0.094976,0.094976
2011,0.095,population_count_2000,4.779051,0.094415,0.094415
2011,0.095,traveltime_2000_2000,0.585975,0.094998,0.094998
