year,rep,tolerance,eligible_treated,retained_treated,retained_controls,treated_retention_pct,max_smd_cobalt,worst_covariate,solver_status
1997,1,0.1,261,261,2164,100,0.09999,treecover_area_2000,optimal
1997,1,0.095,261,261,2145,100,0.094988,treecover_area_2000,optimal
1997,2,0.1,283,283,2393,100,0.099977,population_count_2000,optimal
1997,2,0.095,283,283,2377,100,0.094989,population_count_2000,optimal
1997,3,0.1,257,257,2170,100,0.099956,population_count_2000,optimal
1997,3,0.095,257,257,2149,100,0.094991,slope_2000,optimal
1997,4,0.1,284,284,2014,100,0.099995,slope_2000,optimal
1997,4,0.095,284,284,1997,100,0.094959,slope_2000,optimal
1997,5,0.1,281,281,2282,100,0.099985,slope_2000,optimal
1997,5,0.095,281,281,2262,100,0.094964,population_count_2000,optimal
1997,6,0.1,290,290,1861,100,0.099954,treecover_area_2000,optimal
1997,6,0.095,290,290,1834,100,0.094996,slope_2000,optimal
1997,7,0.1,257,257,2371,100,0.099914,traveltime_2000_2000,optimal
1997,7,0.095,257,257,2357,100,0.094995,traveltime_2000_2000,optimal
1997,8,0.1,277,277,2310,100,0.099988,slope_2000,optimal
1997,8,0.095,277,277,2291,100,0.094996,population_count_2000,optimal
1997,9,0.1,284,284,2327,100,0.099939,elevation_2000,optimal
1997,9,0.095,284,284,2313,100,0.094907,elevation_2000,optimal
1997,10,0.1,261,261,1801,100,0.09995,treecover_area_2000,optimal
1997,10,0.095,261,261,1782,100,0.094862,traveltime_2000_2000,optimal
1997,11,0.1,259,259,2173,100,0.099984,population_count_2000,optimal
1997,11,0.095,259,259,2131,100,0.094975,treecover_area_2000,optimal
1997,12,0.1,290,290,2234,100,0.099988,slope_2000,optimal
1997,12,0.095,290,290,2219,100,0.094978,slope_2000,optimal
1997,13,0.1,259,259,1972,100,0.099932000000000007,traveltime_2000_2000,optimal
1997,13,0.095,259,259,1953,100,0.094994,slope_2000,optimal
1997,14,0.1,286,286,1569,100,0.099964,slope_2000,optimal
1997,14,0.095,286,286,1552,100,0.094968,treecover_area_2000,optimal
1997,15,0.1,280,280,2291,100,0.09999,slope_2000,optimal
1997,15,0.095,280,280,2268,100,0.095,traveltime_2000_2000,optimal
1997,16,0.1,279,279,1793,100,0.099953,treecover_area_2000,optimal
1997,16,0.095,279,279,1777,100,0.094983,population_count_2000,optimal
1997,17,0.1,283,283,2595,100,0.1,slope_2000,optimal
1997,17,0.095,283,283,2575,100,0.09499,elevation_2000,optimal
1997,18,0.1,277,277,2267,100,0.099972,slope_2000,optimal
1997,18,0.095,277,277,2239,100,0.094997,population_count_2000,optimal
1997,19,0.1,264,264,2092,100,0.099988,traveltime_2000_2000,optimal
1997,19,0.095,264,264,2066,100,0.094987,population_count_2000,optimal
1997,20,0.1,279,279,2763,100,0.099768,elevation_2000,optimal
1997,20,0.095,279,279,2750,100,0.094739,elevation_2000,optimal
2011,1,0.1,353,353,1966,100,0.099996,elevation_2000,optimal
2011,1,0.095,353,353,1947,100,0.09487,traveltime_2000_2000,optimal
2011,2,0.1,367,367,2016,100,0.0999,traveltime_2000_2000,optimal
2011,2,0.095,367,367,1999,100,0.094979,traveltime_2000_2000,optimal
2011,3,0.1,365,365,1950,100,0.099988,traveltime_2000_2000,optimal
2011,3,0.095,365,365,1933,100,0.094926,traveltime_2000_2000,optimal
2011,4,0.1,354,354,2074,100,0.099969,traveltime_2000_2000,optimal
2011,4,0.095,354,354,2058,100,0.094983,elevation_2000,optimal
2011,5,0.1,345,345,1809,100,0.099891,traveltime_2000_2000,optimal
2011,5,0.095,345,345,1791,100,0.094938,traveltime_2000_2000,optimal
2011,6,0.1,357,357,1588,100,0.099991,elevation_2000,optimal
2011,6,0.095,357,357,1570,100,0.094963,elevation_2000,optimal
2011,7,0.1,354,354,2065,100,0.099963,traveltime_2000_2000,optimal
2011,7,0.095,354,354,2046,100,0.094989,traveltime_2000_2000,optimal
2011,8,0.1,345,345,662,100,0.099939,traveltime_2000_2000,optimal
2011,8,0.095,345,345,655,100,0.094885,traveltime_2000_2000,optimal
2011,9,0.1,350,350,1312,100,0.099885,traveltime_2000_2000,optimal
2011,9,0.095,350,350,1302,100,0.094745,traveltime_2000_2000,optimal
2011,10,0.1,350,350,1972,100,0.099992,traveltime_2000_2000,optimal
2011,10,0.095,350,350,1954,100,0.094991,elevation_2000,optimal
2011,11,0.1,353,353,1746,100,0.099939,traveltime_2000_2000,optimal
2011,11,0.095,353,353,1727,100,0.09498,traveltime_2000_2000,optimal
2011,12,0.1,345,345,1273,100,0.09986,elevation_2000,optimal
2011,12,0.095,345,345,1263,100,0.09489,elevation_2000,optimal
2011,13,0.1,350,350,1523,100,0.099968,elevation_2000,optimal
2011,13,0.095,350,350,1506,100,0.09474,treecover_area_2000,optimal
2011,14,0.1,354,354,1286,100,0.099952,treecover_area_2000,optimal
2011,14,0.095,354,354,1272,100,0.094972,traveltime_2000_2000,optimal
2011,15,0.1,347,347,2012,100,0.099977,traveltime_2000_2000,optimal
2011,15,0.095,347,347,1992,100,0.094985,traveltime_2000_2000,optimal
2011,16,0.1,350,350,2158,100,0.09998,elevation_2000,optimal
2011,16,0.095,350,350,2141,100,0.094973,traveltime_2000_2000,optimal
2011,17,0.1,351,351,1556,100,0.099981,traveltime_2000_2000,optimal
2011,17,0.095,351,351,1540,100,0.09497,traveltime_2000_2000,optimal
2011,18,0.1,351,351,2322,100,0.099912,elevation_2000,optimal
2011,18,0.095,351,351,2306,100,0.094996,elevation_2000,optimal
2011,19,0.1,348,348,983,100,0.099831,traveltime_2000_2000,optimal
2011,19,0.095,348,348,974,100,0.094796,elevation_2000,optimal
2011,20,0.1,351,351,2081,100,0.099899,traveltime_2000_2000,optimal
2011,20,0.095,351,351,2065,100,0.094995,traveltime_2000_2000,optimal
