metric,wave,main,florent_review_matching,review_v2
H1 2x2 placebo estimate (1997-2008),pooled,3.297,17.36,-3.93
H1 2x2 placebo SE,pooled,8.779,9.642,9.35
H1 2x2 main estimate (2008-2021),pooled,1.743,3.735,7.85
H1 2x2 main SE,pooled,5.722,5.126,5.65
H2 2x2 placebo estimate,pooled,0.0381,0.0249,-0.0435
H2 2x2 placebo SE,pooled,0.035,0.0401,0.035
H2 2x2 main estimate,pooled,-0.0106,0.0164,0.0224
H2 2x2 main SE,pooled,0.0182,0.0274,0.0157
Treatment households,1997,429,82,335
Treatment households,2008,1407,303,1155
Treatment households,2021,2073,1485,1601
Matched households,1997,858,164,670
Matched households,2008,2814,606,2310
Matched households,2011,1066,882,882
Matched households,2013,1766,1448,1448
Matched households,2016,1718,1580,1274
Matched households,2018,1760,2180,2388
Matched households,2021,4146,3684,3202
Max post-matching SMD (cobalt),1997,0.134,0.426,0.09
Max post-matching SMD (cobalt),2008,0.056,0.218,0.088
Max post-matching SMD (cobalt),2011,0.162,0.062,0.086
Max post-matching SMD (cobalt),2013,0.06,0.254,0.253
Max post-matching SMD (cobalt),2016,0.248,0.245,0.067
Max post-matching SMD (cobalt),2018,0.101,0.097,0.059
Max post-matching SMD (cobalt),2021,0.101,0.054,0.059
Treatment clusters (audit),1997,NA,NA,11
Treatment clusters (audit),2008,NA,NA,38
Treatment clusters (audit),2021,NA,NA,52
