WDPAID,NAME,STATUS,STATUS_YR,treatment_date,first_valid_to,in_treatment_universe,active_at_2008_ref
352242,Complexe Anjozorobe Angavo,Designated,2005,2005-12-30,2007-01-08,FALSE,TRUE
352249,Makira,Designated,2005,2005-12-30,2007-01-08,FALSE,TRUE
352256,Corridor Ankeniheny Zahamena,Designated,2005,2005-12-30,2007-01-08,FALSE,TRUE
352239,Ambatotsirongorongo,Designated,2006,2006-03-15,2007-08-20,FALSE,TRUE
352240,Analalava,Designated,2006,2006-09-15,2008-10-17,FALSE,TRUE
352243,Ankodida,Designated,2006,2006-03-15,2007-08-20,FALSE,TRUE
352244,Corridor forestier Bongolava,Designated,2006,2006-09-15,2015-04-28,FALSE,TRUE
352247,Nord fotaky,Designated,2006,2006-03-15,2007-08-20,FALSE,TRUE
352250,Mandena,Designated,2006,2006-05-15,2007-08-20,FALSE,TRUE
352251,Menabe Antimena,Designated,2006,2006-03-28,2015-04-28,FALSE,TRUE
352252,Ambohitr'Antsingy Montagne des Français,Designated,2006,2006-09-15,2015-04-28,FALSE,TRUE
352255,Ambatoatsinanana,Designated,2006,2006-05-15,2007-08-20,FALSE,TRUE
354011,Réserve de Tampolo,Designated,2006,2006-07-04,2007-08-20,FALSE,TRUE
555697881,Corridor Forestier Ambositra Vondrozo,Designated,2006,2006-09-15,2015-04-28,FALSE,TRUE
555697902,Forêt Naturel de Petriky,Designated,2006,2006-05-15,2008-10-17,FALSE,TRUE
352248,Complexe Zones Humides Mahavavy Kinkony,Designated,2007,2007-01-17,2015-04-21,FALSE,TRUE
352253,Amoron'i Onilahy,Designated,2007,2007-01-17,2015-04-28,FALSE,TRUE
352254,Sahamalaza Iles Radama,Designated,2007,2007-01-01,NA,FALSE,TRUE
354012,Mikea,Designated,2007,2007-04-13,2011-09-06,FALSE,TRUE
555697873,Lac Alaotra,Designated,2007,2007-01-08,2015-04-28,FALSE,TRUE
555697909,Allées des Baobabs,Designated,2007,2007-09-25,2015-04-28,FALSE,TRUE
166880,Complexe Tsimembo Manambolomaty,Designated,2008,2008-12-02,2015-04-21,TRUE,FALSE
555547961,Mandrozo,Designated,2008,2008-10-17,2010-12-20,TRUE,FALSE
555549449,Vohidefo,Designated,2008,2008-10-17,2010-12-20,TRUE,FALSE
555549450,Angavo,Designated,2008,2008-10-17,2010-12-20,TRUE,FALSE
555549451,Behara-Tranomaro,Designated,2008,2008-10-17,2010-12-20,TRUE,FALSE
555549452,Sud-Ouest Ifotaky,Designated,2008,2008-10-17,2010-12-20,TRUE,FALSE
555549460,Ranobe PK 32,Designated,2008,2008-12-02,2010-12-20,TRUE,FALSE
555697872,Site Bioculturel d'Antrema,Designated,2008,2008-10-17,2010-12-20,TRUE,FALSE
555697875,Complexe Lac Forêt Ambondrobe,Designated,2008,2008-10-17,2010-12-20,TRUE,FALSE
555697877,Complexe Zones Humides Mangoky Ihotry,Designated,2008,2008-12-02,2015-04-21,TRUE,FALSE
555697878,Forêt Naturelle de Tsitongambarika,Designated,2008,2008-12-02,2015-04-21,TRUE,FALSE
555697879,Beanka,Designated,2008,2008-10-17,2010-12-20,TRUE,FALSE
555697880,Sahafina,Designated,2008,2008-10-17,2010-12-20,TRUE,FALSE
555697882,Massif d'Itremo,Designated,2008,2008-10-17,2010-12-20,TRUE,FALSE
555697883,Maromizaha,Designated,2008,2008-10-17,2010-12-20,TRUE,FALSE
555697884,Ambatofotsy,Designated,2008,2008-10-17,2010-12-20,TRUE,FALSE
555697885,Mangabe-Ranomena-Sahasarotra,Designated,2008,2008-10-17,2010-12-20,TRUE,FALSE
555697886,Ampotaka Ankorabe,Designated,2008,2008-10-17,2010-12-20,TRUE,FALSE
555697887,Mahialambo,Designated,2008,2008-10-17,2010-12-20,TRUE,FALSE
555697888,Ampanganandehibe-Behasina,Designated,2008,2008-10-17,2010-12-20,TRUE,FALSE
555697891,Analavelona,Designated,2008,2008-10-17,2010-12-20,TRUE,FALSE
555697892,Agnalazaha,Designated,2008,2008-10-17,2010-12-20,TRUE,FALSE
555697893,Makirovana Tsihomanaomby,Designated,2008,2008-10-17,2010-12-20,TRUE,FALSE
555697894,Ampasindava,Designated,2008,2008-10-17,2010-12-20,TRUE,FALSE
555697895,Galoko Kalobinono,Designated,2008,2008-10-17,2010-12-20,TRUE,FALSE
555697896,Oronjia,Designated,2008,2008-10-17,2010-12-20,TRUE,FALSE
555697897,Massif d'Ibity,Designated,2008,2008-12-02,2015-04-28,TRUE,FALSE
555697898,Réserve spéciale Pointe à Larrée,Designated,2008,2008-10-17,2010-12-20,TRUE,FALSE
555697899,Vohidava Betsimalao,Designated,2008,2008-10-17,2010-12-20,TRUE,FALSE
555697900,Ankarabolava,Designated,2008,2008-10-17,2010-12-20,TRUE,FALSE
555697906,Bemanevika,Designated,2008,2008-10-17,2010-12-20,TRUE,FALSE
555697907,COMATSA Nord,Designated,2008,2008-10-17,2010-12-20,TRUE,FALSE
555697908,Loky Manambato,Designated,2008,2008-10-17,2015-04-28,TRUE,FALSE
555697910,Andrafiamena Andavakoera,Designated,2008,2008-10-17,2010-12-20,TRUE,FALSE
555697912,Tsinjoriake,Designated,2008,2008-10-17,2010-12-20,TRUE,FALSE
555697914,Bombetoka Beloboka,Designated,2008,2008-10-17,2010-12-20,TRUE,FALSE
555697915,Ambohidray,Designated,2008,2008-10-17,2010-12-20,TRUE,FALSE
555697916,Ambararata Londa,Designated,2008,2008-10-17,2010-12-20,TRUE,FALSE
555697917,Marolambo,Designated,2008,2008-10-17,2010-12-20,TRUE,FALSE
555697911,Manjakatompo Ankaratra,Designated,2013,2013-07-18,2015-04-21,TRUE,FALSE
555697871,Complexe des  AP Ambohimirahavavy Marivorahona,Designated,2015,2015-01-01,NA,TRUE,FALSE
555697874,Rivière Nosivolo,Designated,2015,2015-01-01,NA,TRUE,FALSE
555697876,Nosy Antsoha,Designated,2015,2015-01-01,NA,TRUE,FALSE
555697890,Analabe-Betanatanana,Designated,2015,2015-01-01,NA,TRUE,FALSE
555697901,Agnakatrika,Designated,2015,2015-01-01,NA,TRUE,FALSE
555697903,Andreba,Designated,2015,2015-01-01,NA,TRUE,FALSE
555697904,COMATSA Sud,Designated,2015,2015-01-01,NA,TRUE,FALSE
555697905,Mahimborondro,Designated,2015,2015-01-01,NA,TRUE,FALSE
555790237,Analalava,Designated,2015,2015-01-01,NA,TRUE,FALSE
20283,Kinkony Lake,Designated,2017,2017-01-01,NA,TRUE,FALSE
555790175,Anjajavy,Designated,2017,2017-07-28,2018-04-17,TRUE,FALSE
555790172,Ankafobe,Designated,2018,2018-01-01,NA,TRUE,FALSE
555790168,Tsinjoarivo Ambalaomby,Designated,2020,2020-01-29,NA,TRUE,FALSE
555790169,Ivohiboro,Designated,2020,2020-01-29,NA,TRUE,FALSE
