hv001,DHSYEAR,n_hh_cluster,wealth_sd_cluster,wealth_iqr_cluster
59,1997,57,6.844586980038919,9
60,1997,30,7.404254756945302,7.5
61,1997,21,2.1591444513753038,3
62,1997,39,27.400981098898377,44.5
63,1997,60,22.265881781897246,31
64,1997,22,29.51938243584949,50
65,1997,35,18.970476841572502,19.5
66,1997,33,24.207006561462048,36
67,1997,39,17.911274806171285,16.5
68,1997,32,22.05855020387274,40.75
69,1997,34,24.11434806357398,28.25
70,1997,32,27.960513632275163,45.5
71,1997,29,16.072878971224952,18
72,1997,31,25.40434303738812,26.5
73,1997,37,33.52931127707092,65
74,1997,33,20.41060516080557,31
75,1997,33,28.644106697274545,43
76,1997,43,22.007272531978796,27
77,1997,38,24.96741831348204,46.5
78,1997,33,26.87333504356384,34
79,1997,57,21.41429557883809,22
80,1997,38,26.731649426870035,26.75
81,1997,20,5.050013027601747,3.5
82,1997,19,1.1945294407402949,1
83,1997,36,26.741383421610546,37.75
84,1997,29,26.793361798273878,9
85,1997,31,19.879205107320683,22.5
86,1997,29,29.741248661096634,51
95,1997,20,25.91768345723579,34.75
96,1997,60,31.02655596648205,62.25
97,1997,20,12.607850520086368,12.25
98,1997,34,27.47452230911544,31
99,1997,17,24.490094035800535,38
100,1997,19,28.076441186653312,49.5
101,1997,10,29.13188402192118,24.5
102,1997,25,28.43811995661223,40
103,1997,52,28.156693639022137,50
104,1997,30,19.815847599634843,33
105,1997,14,25.04205254375918,42.75
106,1997,23,13.318535925899894,18
107,1997,52,18.508650295108133,31
108,1997,56,23.4124994366285,33.5
109,1997,49,19.044903080176947,30
110,1997,9,24.2269363404547,32
111,1997,32,21.260267917772904,26
112,1997,56,22.314509577007012,30.75
113,1997,47,11.61970637831369,16
114,1997,21,27.556003580587177,51
115,1997,19,15.575509340887384,13.5
116,1997,60,18.029824632291533,27
117,1997,34,15.504383831793028,14
118,1997,34,25.34666948908571,50
119,1997,29,29.596881076527776,58
120,1997,25,22.224460998338444,34
121,1997,22,27.579401310096937,43.25
122,1997,35,17.385157390112738,30.5
135,1997,22,26.675093365546182,39.5
136,1997,26,31.578181367227888,51.75
137,1997,24,23.440798077129404,27.75
138,1997,52,26.139548926856936,36
139,1997,32,25.482441772908604,33
140,1997,23,27.429608076118882,35
141,1997,9,13.361428732653472,16
142,1997,35,17.418622315250552,18.5
143,1997,46,29.07900283361005,50.75
144,1997,26,18.031638860624955,30
145,1997,28,24.08942225438926,36
146,1997,25,14.611867323058565,14
147,1997,28,26.362451251331617,21.75
148,1997,27,24.18571309572488,18.5
149,1997,25,17.838348204547042,17
150,1997,23,33.46681442838845,65
151,1997,49,23.419423301078574,36
152,1997,20,18.93333178897943,25.5
153,1997,34,14.174240399721281,16.75
154,1997,31,30.121474495888336,51
155,1997,29,20.862380407234397,19
156,1997,31,23.75280402236189,36
157,1997,21,24.942887143384567,35
158,1997,47,15.189977951177605,22
159,1997,25,21.905098341101628,26
160,1997,29,11.184414736807916,1
171,1997,56,17.809371165167548,19
172,1997,58,18.639648041979136,26.75
173,1997,21,18.975171747764048,25
174,1997,13,23.727080709062356,25
175,1997,25,15.42271052701178,26
176,1997,27,21.829434635927164,29.5
177,1997,35,20.08210039568872,28.5
178,1997,12,25.890796305508516,37.5
179,1997,21,24.674548290360523,37
180,1997,16,20.19065377841936,24.5
181,1997,45,16.12085041745063,16
182,1997,32,24.03492083104995,34
183,1997,30,18.204963324741207,16.75
184,1997,58,24.915683586172047,46.75
185,1997,25,16.868807505768352,25
186,1997,30,24.210974048307435,39
187,1997,51,21.244644077055852,24
188,1997,54,22.917955938576107,20
189,1997,57,18.814538051869974,33
190,1997,51,13.048867428879435,26
191,1997,26,15.855161741406294,21.25
192,1997,32,19.51002637190063,30.5
193,1997,24,21.9138216591754,27.25
194,1997,60,15.711703507851848,27
195,1997,42,26.56564415701889,41.25
196,1997,22,16.435430527472548,19
209,1997,23,18.79912536860441,30
210,1997,49,16.732285789906353,21
211,1997,29,23.098365369839932,35
212,1997,26,14.23651858912359,26.25
213,1997,34,18.146757639705903,28.75
214,1997,32,22.01591707921134,30.5
215,1997,29,17.88971413749203,30
216,1997,27,16.14182159975771,24.5
217,1997,20,20.405043236261083,37.25
218,1997,15,25.170277255979066,44.5
219,1997,29,22.214028319672057,31
220,1997,21,17.478285848173904,25
221,1997,36,13.777368145472234,21
222,1997,48,18.598596759391278,29
223,1997,28,20.98434160493468,34.75
224,1997,23,16.017036384595453,23.5
225,1997,27,16.60664405533601,30.5
226,1997,53,15.251186634458026,23
227,1997,28,18.429473748468855,32.25
228,1997,54,16.455103775168734,19.75
229,1997,22,15.252634432872807,11.75
230,1997,26,24.41323726682215,40.25
231,1997,22,25.4301947533794,30
232,1997,22,14.396367988329947,26
233,1997,53,20.25850714529993,30
234,1997,17,18.509735117436097,17
245,1997,59,25.473241481218892,45.5
246,1997,23,18.330194964343125,17
247,1997,52,24.172979879597527,36
248,1997,24,18.08549542941902,32.75
249,1997,18,20.500358676919603,17.25
250,1997,9,11.170397386744026,13
251,1997,27,19.252039518997087,20.5
252,1997,49,24.25407603026,38
253,1997,21,21.778757671508394,41
254,1997,44,11.244636964576326,20.75
255,1997,20,19.05283512540298,21.25
256,1997,33,15.759436807349699,18
257,1997,26,11.493744117830094,18.5
258,1997,10,13.737216279549184,13.5
259,1997,20,22.44871347855162,34
260,1997,17,13.960026967781133,19
261,1997,49,23.490246202768216,37
262,1997,22,21.78366678335258,41.75
263,1997,20,22.697090005920188,39
264,1997,31,16.99481261779542,19.5
265,1997,33,21.275163354427523,30
266,1997,57,26.2566258495357,44
267,1997,9,14.146063449281963,14
268,1997,36,18.526428998287056,26.75
269,1997,28,14.784698224424522,21.25
270,1997,30,16.58225751723257,21.5
51,2008,31,5.246196779111635,7.5
52,2008,27,7.316608745365816,5.5
53,2008,30,2.7709494617441566,1.75
54,2008,32,11.241484232161493,14.25
55,2008,31,16.167536835023075,19.5
56,2008,30,3.235045168367717,4.5
57,2008,32,5.884643766453881,7
58,2008,32,4.085773903080881,4.5
59,2008,32,15.093258482279538,21
60,2008,32,13.70410228197523,19.5
61,2008,31,13.254903738551992,22.5
62,2008,31,8.942588689698207,7.5
63,2008,32,14.30415572369589,21
64,2008,31,14.547290328923063,19.5
65,2008,32,20.772092785987585,31.75
66,2008,31,19.78296214922956,17
67,2008,32,22.469962028191926,31
68,2008,31,16.446851514231614,22.5
69,2008,32,15.394771577892406,25.25
70,2008,29,7.520906820913752,9
71,2008,28,4.115238168707273,5.25
72,2008,31,9.258416688067808,8
73,2008,30,6.377132278066218,5.75
74,2008,31,15.119737154226696,17.5
75,2008,32,11.181376725782517,16
82,2008,29,4.427856290582302,7
83,2008,31,23.768235783458234,38
84,2008,30,14.481101437755855,18.75
85,2008,30,22.528041274779326,30
86,2008,31,17.055759283338364,25
87,2008,32,18.070398847732417,26.5
88,2008,31,18.42777240197319,26
89,2008,31,18.16945327350453,30
90,2008,31,15.19288175146435,13.5
91,2008,30,18.308624938166076,24
92,2008,32,15.419111256343015,20.5
93,2008,30,14.998122487862258,24.25
94,2008,32,15.12408354994796,14.75
95,2008,31,20.268997460765448,30
96,2008,32,20.62559872053767,31.25
97,2008,32,18.486236161516352,25.75
98,2008,30,16.427793941765383,14.75
99,2008,22,18.839260837881852,25.5
100,2008,30,8.796877711510168,6.75
103,2008,30,17.141198606141067,25.25
104,2008,29,15.888620955327399,20
105,2008,31,10.965243232130556,14
106,2008,30,17.610113343020338,11.5
107,2008,32,15.128981747284826,18.75
108,2008,32,22.21120666719625,30
109,2008,32,17.009366489881295,17.75
110,2008,31,14.637483184567442,19
111,2008,32,16.11698037634882,20.5
113,2008,30,8.68503799977129,12.25
114,2008,31,20.263585645827998,32
115,2008,30,15.363825254043396,14.5
116,2008,32,17.958705993688465,25.25
117,2008,30,16.504301076476654,19.75
118,2008,31,9.594129029148867,9
119,2008,31,20.244101756165385,25
120,2008,30,18.039197423337907,25
121,2008,32,23.475944276587033,32.75
122,2008,31,26.485662585267622,44.5
123,2008,32,13.647011666271663,20.75
124,2008,32,21.51930865899949,26.75
125,2008,30,19.632719581375362,37.25
130,2008,32,19.270961565978467,17.25
131,2008,32,20.046895624847963,23.5
132,2008,32,19.447173067635838,32.75
133,2008,32,15.660588502928762,19.25
134,2008,31,12.266748480325578,16
135,2008,32,13.278613353081909,15.5
136,2008,30,16.132390492066133,23.5
137,2008,32,16.922498862222906,29.25
138,2008,32,14.350136281245645,21
139,2008,31,11.329853988372907,19.5
140,2008,26,15.450367185081594,16.75
141,2008,31,17.227821959329788,24.5
142,2008,32,19.08847714401071,19.75
143,2008,32,19.54977105715299,22.25
144,2008,32,19.54935854075112,19
145,2008,32,16.991340299143275,31.25
146,2008,28,13.162949043175223,16.75
147,2008,30,13.693525611695511,15
148,2008,31,19.69596869401703,20.5
149,2008,32,23.007164907844995,26
150,2008,32,17.365148634456723,22.25
158,2008,32,17.42052807428916,18.75
159,2008,32,19.22353648106169,22.5
160,2008,32,19.24562685977795,33.25
161,2008,31,18.800194462503757,21
162,2008,31,16.87601848778319,27.5
163,2008,26,19.25137357736805,28
164,2008,31,21.416253500052118,33
165,2008,30,20.197985560190283,22.5
166,2008,31,13.360831858720072,19
167,2008,32,19.529857208403886,32.25
168,2008,31,24.327691200354074,38
169,2008,31,27.445508083810264,50
170,2008,31,18.177085894413967,30
171,2008,32,23.810745744374028,34.25
172,2008,32,24.625501468612676,44.75
173,2008,31,27.448250428996438,47.5
174,2008,31,17.70632594567895,18
175,2008,31,18.13729004902829,28
176,2008,30,23.346687475784524,25
177,2008,29,17.151670558743398,27
178,2008,29,13.48918559731527,11
179,2008,30,23.179187057437503,37
180,2008,32,21.449772538082634,35.25
184,2008,30,19.876515340193954,26
185,2008,32,29.901720740215044,57.5
186,2008,30,20.61917977788262,33.75
187,2008,32,15.957478780567376,18
188,2008,31,16.932313067223024,21
189,2008,31,20.45009661622417,29.5
190,2008,30,27.012044993162654,41.75
191,2008,30,27.868760576888846,39.25
192,2008,28,7.505201018496595,9.5
193,2008,32,25.8556008782274,39
194,2008,32,15.690556025428059,23.25
195,2008,32,22.47110599945427,30
196,2008,32,19.554308163213943,25.5
197,2008,31,24.522011178899348,38.5
198,2008,31,17.873149201122654,11.5
199,2008,31,28.388586226809345,56.5
200,2008,32,13.902889001234426,20.5
201,2008,31,26.45080643931906,46
202,2008,32,19.288555858248543,24.25
203,2008,29,18.06849311231442,22
204,2008,28,20.212724526996176,15.5
205,2008,29,12.17877908899419,15
206,2008,31,20.131129267663994,22.5
207,2008,29,19.27235443115856,23
210,2008,32,27.973615881467147,38.5
211,2008,24,23.274667450417766,29.75
212,2008,29,10.076432045055466,16
213,2008,28,16.558378368061717,13.5
215,2008,31,22.57398826606763,34
216,2008,31,22.580036858165865,41.5
217,2008,32,22.20630450294284,22.75
218,2008,28,18.22783498537246,24.5
219,2008,29,16.305957084857116,15
220,2008,27,22.559891798249343,33
221,2008,23,21.31219102218277,32.5
222,2008,26,22.474087642985985,26.5
223,2008,24,18.177067890654126,29.5
224,2008,31,20.063233371850444,34.5
225,2008,27,14.7733108087088,19.5
230,2008,31,16.239537574856044,22.5
231,2008,30,23.676094932745304,39.75
232,2008,30,19.36651927852595,22.5
233,2008,32,22.79358197020069,34.5
234,2008,31,16.875699905835845,23
235,2008,31,23.81984353929637,27.5
236,2008,32,24.67529046794423,38
237,2008,31,22.688967524147674,33
238,2008,29,23.516685199207405,38
239,2008,30,19.879782371204087,29.5
240,2008,28,7.2622820614969745,5.25
241,2008,25,17.22885177060077,23
242,2008,21,21.50149496463643,24
243,2008,32,15.816201116005558,19.5
244,2008,30,16.19152609365094,21.25
245,2008,29,13.007103023503712,16
246,2008,27,10.91315106176333,14.5
247,2008,26,10.213791581070101,15
248,2008,28,21.524042174610038,18.75
249,2008,29,19.622044504634882,21
250,2008,31,20.149601773060013,25
253,2008,22,23.300781251417447,38.75
254,2008,31,15.597835526709453,18.5
255,2008,26,18.002606648867438,13.75
256,2008,26,18.44997394202871,27.25
257,2008,29,28.14997659441318,50
258,2008,28,19.067236921209215,16.5
259,2008,27,18.93022124417135,21.5
260,2008,32,19.813647951886352,27.5
263,2008,28,26.489166199145,44
264,2008,28,23.86079004532963,38.75
265,2008,29,25.578624080513336,46
266,2008,32,26.23157955840693,35.25
267,2008,27,24.6014962600574,33
268,2008,20,21.775106501642988,29
269,2008,26,23.065025137974263,34.5
270,2008,29,12.698085655339739,18
271,2008,27,20.03913549949078,15.5
272,2008,30,21.534148235532445,38.5
273,2008,28,27.916163226922308,48.5
274,2008,27,19.67427058563857,34
275,2008,21,18.765596687758666,17
283,2008,31,20.164271607533102,26.5
284,2008,29,14.813786682076563,21
285,2008,32,23.36472302977428,32.25
286,2008,32,15.35966649503529,18.25
287,2008,32,14.755500614587659,18.25
288,2008,31,17.762955290299,20.5
289,2008,29,21.64156054579112,8
290,2008,30,20.178513666598526,35.5
291,2008,32,18.070538310706453,29.25
292,2008,31,11.980360272465287,18
293,2008,31,16.190000896610787,18.5
294,2008,29,13.513175471740507,16
295,2008,32,18.25532953555243,19.75
296,2008,31,19.120613208324823,31.5
297,2008,32,19.309031816158452,30.25
298,2008,32,14.395024622103561,14.25
299,2008,32,16.605357666301757,20.75
300,2008,28,12.791934876460163,11.75
304,2008,32,14.970097883619909,18.75
305,2008,29,15.91804750756832,25
306,2008,32,16.461312170878017,28.75
307,2008,31,15.451415357796185,16.5
308,2008,31,25.583008473997836,41
309,2008,29,16.925073946036918,17
310,2008,31,17.350776996019267,19
311,2008,30,16.770972459621394,15.25
312,2008,32,19.825753046756326,23.5
314,2008,31,17.14580107850479,18.5
315,2008,30,16.533108545005067,19.75
316,2008,29,14.338020007448383,11
317,2008,28,14.693698033672868,18.25
318,2008,31,11.85122832887907,12.5
319,2008,31,20.104511877920896,32
320,2008,32,16.940122252672317,31.25
321,2008,32,14.428599232304279,18.5
322,2008,30,14.227058564661174,13.75
323,2008,23,19.471779518792278,17.5
324,2008,30,22.152060696545778,36.75
325,2008,28,20.65309334095657,25
326,2008,31,21.55258635279357,27
327,2008,32,17.870050634439156,18.5
328,2008,30,24.302239620551696,37.25
329,2008,32,21.262923015457925,22.75
330,2008,31,23.73142737302774,26
331,2008,31,19.48972709828415,15.5
336,2008,30,24.485510611074815,40.25
337,2008,31,20.773690971012826,30.5
338,2008,31,23.578010531958824,36.5
339,2008,28,24.55659697568975,44
340,2008,31,20.778504194458748,24
341,2008,29,22.62442335220291,29
343,2008,30,21.64223202205705,21.25
344,2008,32,18.784618579073953,28.5
345,2008,30,10.896799066012802,15
346,2008,32,18.913107760526568,22.75
347,2008,31,23.00345930039537,31
348,2008,32,27.613694592217428,47
349,2008,28,21.907815522145995,24.5
350,2008,28,24.822118486091515,34.25
358,2008,21,24.183918308700612,29
359,2008,24,24.123324451839046,30.25
360,2008,28,15.510365197874245,10
361,2008,29,17.849880296544995,23
362,2008,29,22.44423851157646,27
363,2008,30,26.246751304170743,42.5
364,2008,29,19.287429224973824,32
365,2008,30,25.297880516373098,35
366,2008,30,6.056819088536851,5
368,2008,32,26.595821130638235,40.75
369,2008,30,24.079943483341474,36.5
370,2008,32,24.81900205292763,36.25
371,2008,29,29.57028031372906,52
372,2008,28,23.386334362627995,4.75
373,2008,31,26.06658141503536,41.5
374,2008,32,22.839464289519974,31.5
375,2008,32,24.995463298044125,46
377,2008,32,17.13557773153705,24.25
378,2008,31,23.881562600844706,41
379,2008,31,16.548462554063015,13.5
381,2008,32,26.131163418663608,50.75
382,2008,32,26.1064817065949,33.75
383,2008,32,26.023698101984387,34.5
385,2008,32,14.72458855331843,15.25
386,2008,32,22.652329332621587,33.5
387,2008,31,17.59349831033325,27.5
389,2008,30,23.388375145657786,31
390,2008,31,23.437769353290953,32.5
391,2008,31,22.956152688038976,28.5
392,2008,31,23.413671220037237,38.5
394,2008,30,21.81542215218768,33.25
395,2008,29,16.654634408795662,15
396,2008,32,19.44572160424183,30
397,2008,32,21.480673984740555,33.75
398,2008,32,21.869273443983957,40.5
399,2008,32,16.483343254288847,25.25
400,2008,32,13.011122723121515,18.5
404,2008,30,15.413682531939028,21.75
405,2008,32,29.462660896408764,50.75
406,2008,31,13.51995737093235,21.5
407,2008,30,29.610808837314796,34
408,2008,26,20.88669064629067,17.75
409,2008,31,25.27240834696832,40
410,2008,32,33.09005308099741,63.5
411,2008,30,10.779077221503075,15.5
412,2008,32,20.479631895633407,32.75
413,2008,32,21.013220684806676,22.75
414,2008,31,26.245122434709714,46.5
415,2008,32,11.494695480679267,5.5
416,2008,31,24.840523603644627,39
417,2008,31,19.96728507129298,26
418,2008,32,24.807464244820842,30.75
419,2008,31,23.15668927253022,36.5
420,2008,32,15.355170139076936,12
421,2008,30,18.984839686735164,23.5
422,2008,27,25.580942425653816,36
424,2008,30,20.406106816399323,23.5
425,2008,23,7.170977959887045,9
426,2008,31,15.028503384518853,12
427,2008,31,14.821954074299555,26.5
428,2008,27,24.67884892059563,29.5
430,2008,30,6.100310902195746,8.25
432,2008,21,31.943700474428443,61
433,2008,31,11.927559124425528,20
434,2008,32,10.713271841430474,9
435,2008,32,13.246385690858006,8.25
436,2008,31,21.886658183734056,20
437,2008,32,13.559271021893517,11.25
438,2008,32,7.959575284503402,11.25
442,2008,23,18.55810232904582,28
443,2008,29,27.137988933407605,36
444,2008,32,11.9026630254231,15.25
445,2008,29,15.809285168436485,18
446,2008,32,27.031623505717125,60.25
447,2008,32,9.801610713584026,16
448,2008,31,12.11663745540843,18.5
450,2008,29,19.828451469661694,24
457,2008,28,28.091192202629625,33.25
458,2008,31,28.571020734416393,42
459,2008,29,26.06778772067638,36
460,2008,31,9.65434884458311,14
461,2008,31,19.927988638665862,17
462,2008,31,23.8893956768783,17
463,2008,32,16.96058048306663,21.5
464,2008,27,9.530577570740864,15
465,2008,31,15.53379942999081,22
466,2008,30,18.38868342652403,22
467,2008,30,11.041405874170232,15
468,2008,30,19.5918409008714,21.5
469,2008,25,26.64113360951444,41
470,2008,29,14.924770298832287,17
471,2008,28,6.009142065202682,4.5
472,2008,32,27.962081900201,33
473,2008,32,22.965612442055832,15.75
474,2008,32,18.749516122788602,14.5
475,2008,29,24.166193868881678,18
476,2008,30,13.578211078487255,12.25
477,2008,30,7.599228635991219,7.75
478,2008,31,10.969263019127387,10
479,2008,31,14.173881780626745,8.5
480,2008,32,17.828229472637833,27.75
481,2008,30,10.613372610104648,11.75
482,2008,30,16.538356671063493,17.75
483,2008,30,21.382692539291796,21.25
484,2008,32,12.365404393162871,15.5
485,2008,27,18.107230458349914,28
486,2008,31,18.02727920954587,28.5
487,2008,30,16.98508473479823,21.25
488,2008,31,14.324053009663707,18.5
489,2008,28,22.29005520061718,33
490,2008,29,19.373500259769038,16
491,2008,32,19.874581553720418,29
492,2008,31,19.019062310818473,16
493,2008,30,15.855815858911964,18
494,2008,29,15.711061021574746,16
495,2008,32,25.697684092967123,30
496,2008,30,16.067386829855995,18.25
497,2008,28,14.611910775389251,16.5
498,2008,28,13.703010135458808,18.75
499,2008,30,14.143801696742697,14.75
500,2008,30,32.031755077318714,38.25
504,2008,30,26.367430275063683,44.25
505,2008,30,19.198419475176273,14.75
506,2008,32,17.952895354591227,12.5
507,2008,27,30.230501002847948,62.5
508,2008,30,20.138143598311313,25.75
509,2008,30,21.27704499403432,37.75
510,2008,30,22.335503411467542,38.25
511,2008,30,16.66505739357157,30
514,2008,29,14.823011666893043,24
515,2008,32,20.252613331967645,36.5
516,2008,27,12.27359057656013,14.5
517,2008,30,11.41908062406298,8.75
518,2008,30,13.218282358375733,9
519,2008,31,9.607232938322188,7
520,2008,30,20.024812195081278,22.5
521,2008,29,24.684561697686604,38
522,2008,32,13.927773077675619,22.75
523,2008,29,23.133580820451353,30
524,2008,29,31.799053491506083,59
525,2008,27,13.849413987828793,15
526,2008,31,10.42567137674663,19
527,2008,28,8.825992757086771,10.25
528,2008,31,18.8575303688713,17
533,2008,28,22.47279366314867,38
534,2008,32,18.319493187453666,30.25
535,2008,27,19.125764606803873,13
537,2008,24,23.809897771390325,29
538,2008,28,23.6509001808616,39.25
539,2008,25,22.70961617171604,29
540,2008,25,25.30204207832509,38
541,2008,24,16.623494810362377,26.75
542,2008,24,27.368526300918322,38.75
543,2008,26,20.516859858700077,37.25
544,2008,28,11.828805304029435,10.5
545,2008,30,11.225432946108858,18.5
546,2008,30,17.111668399145035,15.25
547,2008,28,19.76913713516053,32.5
548,2008,30,29.162663107820414,51.25
549,2008,29,34.40930106817051,54
551,2008,31,20.369859665586773,22.5
552,2008,32,22.173413861155087,19
553,2008,32,23.74698622643955,23.75
554,2008,32,26.94730520969613,51.75
561,2008,32,12.039208459138028,15
562,2008,31,22.369141571004818,30
563,2008,31,18.746010328222017,9.5
564,2008,32,23.28981156172469,31.75
565,2008,31,26.627659643020003,49.5
566,2008,32,16.941550372745052,19
571,2008,30,22.38184814613801,40
572,2008,30,23.443965966318178,32.75
573,2008,31,14.116413081217548,21
574,2008,31,22.834702886483512,37.5
575,2008,30,17.613376578122622,28
578,2008,24,22.858100394021992,43.25
579,2008,30,17.644770642728197,31.25
580,2008,30,19.782175885342358,20.75
581,2008,28,19.62586566688469,27
582,2008,27,27.260586955155627,40
585,2008,31,22.603739342375732,39.5
586,2008,30,17.901422277021172,26
587,2008,28,24.62316520170111,46
588,2008,31,13.664647110158436,13.5
589,2008,30,13.728734862307606,9.5
590,2008,31,14.905364553512882,18.5
592,2008,28,7.323496288221759,8
593,2008,32,9.295984217964506,9.25
594,2008,32,11.769116227406098,13.25
595,2008,29,11.433250273769927,20
596,2008,30,19.089143571644343,30.75
597,2008,31,19.809794471151065,32
598,2008,29,23.156460758864842,41
599,2008,31,19.79486193788138,21.5
600,2008,31,21.53421883062307,32.5
1,2011,30,9.708155121446554,8.75
2,2011,27,9.037591641475215,8.5
3,2011,28,4.29516154508916,4.5
4,2011,24,6.485211717013774,5.75
5,2011,28,10.183501544346312,10.25
6,2011,29,6.344385827414155,3
7,2011,28,6.396923863907943,5
8,2011,29,8.830226860276065,15
9,2011,31,9.71054188271252,8
10,2011,31,15.63006477053703,16
11,2011,32,19.43962946016171,26
12,2011,31,11.72966096000047,13
13,2011,32,9.14263100058748,10
14,2011,32,22.87604660041844,27.5
15,2011,28,14.414315341787372,19.25
16,2011,30,25.189945083968194,38.75
17,2011,28,12.426024491207341,12.75
18,2011,31,8.253379887651633,4.5
19,2011,32,12.14628577238804,5
20,2011,31,4.261606542441553,4.5
21,2011,28,5.415537122764678,7.25
22,2011,32,4.669737852696147,3.25
23,2011,32,10.826295273769263,13.25
24,2011,29,13.329566380849673,20
25,2011,29,12.158841985306221,12
26,2011,27,16.427861816884263,14.5
27,2011,29,13.637459278271098,22
28,2011,32,13.417459737463407,18.25
29,2011,28,15.44314542898372,22.75
32,2011,32,5.992518857547677,7
33,2011,31,12.728851319501635,18
36,2011,32,13.452687403901749,19.5
37,2011,32,7.308233867225687,9
38,2011,32,21.054460871289134,30
39,2011,32,18.34514526621988,22.5
41,2011,32,19.343978808120944,34.5
42,2011,32,13.906948831661516,12.5
43,2011,32,15.42721594894827,17.75
47,2011,32,24.490205415437465,34.25
48,2011,27,19.774440321498105,30.5
50,2011,27,23.86130389064737,37.5
51,2011,32,19.402257101820943,25.75
52,2011,32,20.714626864344726,27.5
53,2011,30,14.141485395650708,18.75
54,2011,31,18.333118278308564,20
55,2011,31,18.99298115971617,29.5
56,2011,32,15.18581150178488,25.5
57,2011,32,18.843583660261928,24
58,2011,32,19.22185835734093,31.25
59,2011,30,17.473000518698463,23.25
60,2011,32,15.921398412807678,19.75
66,2011,31,22.932345565124375,37
67,2011,30,23.263829158727003,31.25
68,2011,31,18.344786256473498,30.5
69,2011,30,21.75783647966548,29.75
70,2011,32,20.181335196725232,22.25
71,2011,32,19.702807029423745,21.75
72,2011,31,19.03460346401411,22
73,2011,27,23.75899889494565,35.5
74,2011,28,26.93604025372446,25.75
75,2011,29,23.03766459838721,30
77,2011,30,18.5572738782695,20
78,2011,30,18.23398368211237,26.75
79,2011,29,15.762789005800316,21
80,2011,29,25.27791341080076,43
81,2011,31,23.22841233887814,33
83,2011,25,18.983501608853235,24
84,2011,32,23.13181024393228,32.5
86,2011,30,13.244864543724454,20
87,2011,31,17.037971508318694,25
89,2011,31,24.416106089201442,42
90,2011,27,19.94865203337604,31.5
91,2011,25,19.395274338525525,22
92,2011,24,19.621786176432135,18.75
101,2011,32,10.257176873748197,12.25
103,2011,32,15.341147494617633,18.5
104,2011,32,21.576570327481942,25.5
105,2011,32,12.422663991477886,15.5
106,2011,25,22.564869450837364,32
107,2011,32,21.939042198342324,22.25
109,2011,29,17.48334886927356,22
110,2011,31,13.591584999392047,11.5
111,2011,32,19.501214809140944,24.75
114,2011,30,20.204016898888565,27
115,2011,31,13.985937637959895,16
116,2011,32,14.006766797838546,22
117,2011,32,10.204165815979275,9.25
118,2011,32,25.188783185916243,43.75
119,2011,32,16.492300256238835,23.25
122,2011,31,15.227945448439364,20
123,2011,32,15.604712635983173,25.5
125,2011,31,13.442989938797977,19.5
126,2011,32,27.44920161598218,40.5
127,2011,32,18.39168377985182,20.25
135,2011,32,19.025343878033304,25.75
136,2011,32,24.213744930274355,37
138,2011,32,21.04811596043387,29.5
139,2011,30,23.238394705868714,39.25
140,2011,32,22.96420777448413,23
142,2011,29,18.997018174107986,27
144,2011,32,18.12501390433282,21.25
145,2011,31,15.780892216214676,16.5
146,2011,31,20.491802714613073,28.5
147,2011,31,23.416196949331727,35.5
149,2011,30,21.814157587776975,25.75
150,2011,27,23.392294248308144,38.5
151,2011,28,25.162960938144842,36
153,2011,24,21.142717250950106,31
154,2011,32,25.05717252926376,41.5
157,2011,32,15.344958192692603,22
163,2011,28,21.337394206753352,29
164,2011,30,25.53149958902469,19
165,2011,32,21.821767025816957,24.25
166,2011,32,18.848905803786064,26.75
167,2011,32,13.987573690312965,19.5
168,2011,30,18.830795271966412,27.5
169,2011,31,15.319886576968603,25.5
170,2011,29,16.66845638994941,27
171,2011,27,24.436964667594093,11.5
172,2011,31,9.929644981688197,11.5
173,2011,31,14.684861636744236,10.5
174,2011,31,12.096475981987304,11
175,2011,31,7.5932907567226104,11
176,2011,31,11.88972629617055,17
177,2011,32,33.5969798709886,65.75
178,2011,31,19.111669575902955,18.5
179,2011,32,13.366386282689293,20.25
180,2011,32,14.624190079586322,22.5
181,2011,32,11.316871148009293,10.25
182,2011,32,18.11230089051049,25.25
183,2011,32,17.168519578464796,17
184,2011,31,15.52715276920658,22
185,2011,32,13.175612858366337,15.5
186,2011,32,10.215224248718815,9
187,2011,32,10.346370331292905,18.25
188,2011,31,18.784173159612926,23.5
189,2011,32,18.38433765376773,31.25
190,2011,30,34.31771768527792,67.25
191,2011,30,12.47199160970868,8.5
192,2011,28,13.210345472894625,11.75
193,2011,31,19.166615240697723,8
194,2011,32,7.707283421669109,7
195,2011,31,9.729237612276156,9.5
196,2011,30,16.019241303945172,20
197,2011,32,23.354366000607307,37.75
198,2011,32,12.650226314436102,12
199,2011,32,14.060031145287397,15.5
200,2011,32,9.648666964588859,9.75
201,2011,30,21.099899220764936,25.75
202,2011,30,18.6302189324566,26.75
203,2011,14,31.346083057966318,49.75
204,2011,28,13.028001994889161,20
205,2011,23,20.699143592297375,35.5
206,2011,32,20.940391591371924,29.75
207,2011,31,19.430936424232897,26.5
208,2011,32,21.996861029730816,38
209,2011,32,15.973989694944514,19
210,2011,24,21.305745295781033,31.25
211,2011,30,18.524168742111126,25.5
212,2011,32,20.27512380138011,30.25
213,2011,29,18.68483750824073,13
214,2011,32,17.569676957391582,14.75
215,2011,32,18.451330924982777,24.25
216,2011,30,27.711174558331138,49.75
217,2011,32,19.11383555640833,31.25
218,2011,26,16.032658976169667,18.5
219,2011,32,22.149032418974294,18
220,2011,30,9.824260376945583,12.25
221,2011,32,11.862408434671593,10.25
222,2011,28,16.948568324609848,25.25
225,2011,31,10.572636622966398,14
226,2011,32,27.612654152667734,49
227,2011,28,14.458982305548663,20.5
229,2011,25,10.595911161072149,19
230,2011,32,24.357468881691723,25.75
231,2011,32,30.316608883474228,55
232,2011,32,21.598611066455177,23.5
233,2011,30,26.74648972563836,41
234,2011,31,19.766431846870827,34
235,2011,32,33.033157828597496,63
236,2011,32,14.110129911841076,19
237,2011,31,12.37974412159351,14
238,2011,32,19.31028474088856,26.5
239,2011,32,37.12006456821415,73
240,2011,32,28.418938908933203,50.25
241,2011,32,22.284971610424353,33.5
242,2011,29,12.821625820072537,15
245,2011,29,20.54155945941375,37
246,2011,25,18.02895818768609,26
247,2011,22,20.49136656975576,26.5
248,2011,29,21.640536219829983,24
254,2011,32,20.435554682006806,28.5
258,2011,31,18.382378191001003,29.5
260,2011,28,20.476951813088675,26.5
261,2011,32,23.391134245485457,37.25
263,2011,30,20.339333955346877,19.75
265,2011,32,18.964738076825125,21
266,2011,30,9.78645557102663,11.75
268,2011,31,22.568557440524117,35.5
1,2013,28,5.051454816901342,6.5
2,2013,29,3.7089294460083737,4
3,2013,32,3.6361757649415667,5.25
4,2013,31,7.3746149890390305,9.5
5,2013,32,13.672287724185123,19
6,2013,30,2.4541777657185158,4
7,2013,30,1.7538135787379219,2
8,2013,31,3.1483055691894406,3.5
9,2013,30,11.263867570407518,13
10,2013,31,6.646852274670343,7
11,2013,32,17.925219888874896,17.75
12,2013,32,21.935733662002797,37
13,2013,30,11.77006723679269,14.5
14,2013,32,10.161151112717686,7.5
15,2013,30,14.521644566630194,15.25
16,2013,32,12.653532912245906,15.25
17,2013,32,24.191419933255197,39.25
18,2013,32,12.364752192187012,14.75
19,2013,32,11.715675672005132,12.75
20,2013,32,4.093661504830246,4.5
21,2013,29,3.2475834137950406,4
22,2013,32,6.549747594250262,9
23,2013,32,3.572830945866588,4.25
24,2013,29,2.1649924060436336,1
25,2013,32,4.196292526474046,6.75
26,2013,31,3.57710761995375,5
27,2013,32,11.480699090774186,5.25
28,2013,31,21.96316564526367,25.5
30,2013,32,19.37509105077461,30.25
31,2013,32,16.30505561811052,22.25
32,2013,32,18.53067966129892,22
35,2013,30,10.889412764002822,13.75
36,2013,32,16.391259472559582,17.75
39,2013,32,15.233895515614027,21
40,2013,32,24.970284759444414,21
41,2013,32,24.140027494171477,40.5
42,2013,32,20.467125489585772,26.25
44,2013,32,20.860133299917393,35.25
45,2013,32,16.67499455917114,18.25
46,2013,32,28.529678237277416,49
47,2013,30,17.639460726242277,24
52,2013,32,24.52399664186738,38.5
53,2013,31,26.394403121287517,41.5
55,2013,31,22.57041550158035,37.5
56,2013,32,21.87056406635744,32
57,2013,31,17.50016896999839,15.5
58,2013,31,16.463449252520647,13
59,2013,32,22.61545200421249,31.5
60,2013,30,27.151681220569902,41.25
61,2013,31,17.715068611607986,26
62,2013,32,21.482339896281196,30
63,2013,32,28.526657029703333,44.25
64,2013,30,17.67705181639575,28.75
65,2013,29,21.269268285463298,29
66,2013,32,20.48445516057985,27
73,2013,30,23.809203281914755,36.75
74,2013,32,19.753087753727304,16
75,2013,32,24.16475706211357,43
76,2013,32,19.48528704664939,28.25
77,2013,30,17.60041796786878,19
78,2013,32,20.193818920170727,24.75
79,2013,32,15.39532815604325,19
80,2013,32,18.55742504211046,17.75
81,2013,32,20.489744681102646,21.5
82,2013,32,25.673429844880484,39.5
84,2013,32,31.45804938275325,49.75
85,2013,32,10.738647418883664,11
87,2013,32,17.10298502525783,25.5
88,2013,32,23.99058955292208,35
89,2013,32,13.268588604233198,13.25
90,2013,32,20.202103850836924,25.25
91,2013,32,25.570191188556937,35.75
93,2013,32,24.604430986989893,41.75
94,2013,32,28.273933624111187,48
95,2013,32,27.68886756616771,33.75
97,2013,32,21.01372439391042,37.5
98,2013,32,23.32845331073125,38
99,2013,32,15.862787403024361,13.75
101,2013,32,23.873912743356907,31.5
110,2013,32,22.434132980363763,27.5
111,2013,32,22.963417611215817,27.5
112,2013,32,25.490985123777488,27
113,2013,32,26.46846495542902,33.5
114,2013,32,16.511207093287254,26.25
115,2013,32,27.866038990718756,53.75
116,2013,32,24.873368806947955,36.75
119,2013,32,18.390450493526217,32.75
120,2013,32,22.98963213024234,34.25
121,2013,31,17.30870872854074,18
123,2013,32,15.276979043962763,13.75
124,2013,31,19.67362734482957,35
125,2013,32,13.835438368143947,19.5
126,2013,32,20.25004978090257,16.25
127,2013,32,24.09672628682028,37.25
128,2013,32,18.161434459119775,29.5
129,2013,32,17.011114725189188,22.25
132,2013,32,21.87885910659995,31.75
133,2013,32,21.783298574233278,35.75
136,2013,32,24.387310786951375,36.75
137,2013,32,23.998970912076828,33
138,2013,32,25.09496077804492,32.75
139,2013,32,23.47957245310581,31.75
147,2013,32,28.45098714201036,44.75
150,2013,32,16.362051640028756,17.5
151,2013,30,23.326986000383098,31.25
153,2013,30,25.62828896751203,44.25
154,2013,32,15.041742992687533,20.5
156,2013,31,20.392334634071624,32
157,2013,32,25.03344537007989,34.5
158,2013,32,22.180504917316394,20.75
159,2013,32,19.817615982398248,30.25
161,2013,32,14.630392581772172,17.25
162,2013,32,24.474394124103164,43.5
163,2013,31,15.361731533226479,23
165,2013,30,12.620955025160594,12.75
166,2013,32,22.931327177663142,32.75
167,2013,31,24.474081089211303,44
168,2013,32,24.9773284296754,39.25
170,2013,32,22.622939221777926,26.5
176,2013,32,27.038726706993508,46.25
177,2013,32,9.166691104561755,13.5
178,2013,32,19.74423149730966,17.25
179,2013,31,17.884576162608077,13.5
180,2013,32,20.95069095788736,21.5
181,2013,32,21.42463817588857,26
182,2013,32,9.000840014562081,5.75
183,2013,31,4.680088226353389,5.5
184,2013,26,18.702365132208854,16.75
185,2013,32,9.49570148931576,13.5
186,2013,32,16.487409663720825,30
187,2013,32,13.16455253885931,24.75
188,2013,30,16.906402242393536,21.5
189,2013,31,19.673135440608245,31.5
190,2013,32,18.063396422671477,21.75
191,2013,32,10.880398178197755,13.75
192,2013,31,28.465825577461327,26.5
193,2013,31,13.53934926407557,13.5
194,2013,30,8.858011504626303,14.75
195,2013,32,15.883522604340028,27
196,2013,32,15.886156227275979,20.75
197,2013,32,19.779021144115166,28
198,2013,32,24.44197787123752,36.25
199,2013,26,16.228796817812654,12.5
200,2013,32,11.436315600582603,12
201,2013,28,15.901316041505869,25.75
202,2013,32,21.824723328993127,32.75
203,2013,32,25.368076681453978,44.25
204,2013,32,21.307275752662516,36
205,2013,28,25.40432305001709,47
206,2013,27,26.92772853588962,46.5
207,2013,30,25.22551162576508,40.5
208,2013,30,11.678106050192396,11.5
209,2013,31,22.002150432535316,26.5
210,2013,30,25.36945398313292,39.5
211,2013,29,19.13550332979849,25
212,2013,31,22.643900648058402,22
213,2013,32,13.11841232525811,14.5
214,2013,32,22.74109183976258,26.5
215,2013,32,22.5588611800759,24.25
216,2013,31,19.42656423172822,25.5
217,2013,32,19.267221036039757,21.75
218,2013,32,17.52414808568543,31
219,2013,32,15.604195827384212,18.25
220,2013,32,16.157958939692048,28.5
221,2013,31,17.258689567617754,24.5
222,2013,32,15.170236936504235,18
223,2013,32,20.548918816232863,31
224,2013,32,18.7508870757901,20.5
225,2013,29,25.665525746079314,25
226,2013,28,16.46850449226159,21.5
227,2013,32,19.876128493018143,29.25
228,2013,27,15.128321019402545,19.5
230,2013,30,16.073108833894175,19.25
231,2013,27,16.950909513454825,18.5
232,2013,31,17.45088345423616,27.5
233,2013,31,17.135513019796427,18
234,2013,29,12.900528877538202,12
235,2013,31,24.7768969739133,20.5
236,2013,26,18.073354803305165,16
238,2013,32,22.482968464322987,32
239,2013,32,23.25227616329622,43
240,2013,32,19.06501503768347,9.5
241,2013,32,10.631473360096972,9.25
243,2013,30,24.53439996431939,37.5
244,2013,32,13.185402485691418,8.25
245,2013,32,19.69216214639723,25.75
246,2013,31,14.74215665347845,21.5
247,2013,29,21.349715333642887,36
248,2013,25,14.852272553383877,17
249,2013,30,16.592790291423935,15.75
258,2013,32,18.989571628795666,36.25
259,2013,32,22.01738224602875,39
260,2013,32,19.341477242844814,29
261,2013,32,27.21946350588834,35.25
262,2013,32,23.671964328320758,35
268,2013,32,18.95740131231412,20.25
269,2013,32,20.988091861815356,30.5
274,2013,32,19.01397512357687,26.5
276,2013,32,14.013782098694035,18.25
278,2013,32,19.999773184197736,29
279,2013,32,17.29601739539873,21.75
281,2013,32,14.072930719372495,19.5
283,2013,32,24.137292121688837,44.25
284,2013,31,20.303503590871113,20.5
1,2016,31,6.305996463513872,6.5
2,2016,28,7.603518400286283,11.75
3,2016,30,14.173149294336111,15.5
4,2016,32,16.241343848339643,14.25
5,2016,30,8.681132930989897,8.75
6,2016,32,12.18936606888522,18
7,2016,32,7.269023983824744,11.5
8,2016,30,17.469349184200887,24
9,2016,32,17.235062489943516,19.25
10,2016,31,24.605926377668162,34.5
11,2016,31,19.55807453636202,28
12,2016,31,2.8560443356698486,4
13,2016,30,4.0576308131829775,4.75
14,2016,29,7.558963621719763,9
15,2016,30,4.223769629733311,5
16,2016,28,7.499911816060056,5.25
17,2016,32,9.424573234113113,13.5
18,2016,31,11.68244708494214,19.5
19,2016,32,12.067643688539547,13.5
20,2016,32,16.42428252471361,22.25
21,2016,32,11.781229945649057,15.5
23,2016,32,17.520926428223646,26.75
24,2016,32,19.677413570861127,28.5
25,2016,31,15.234652068751487,18.5
26,2016,32,8.36057375712858,11.25
27,2016,32,12.766158325318418,18
28,2016,31,13.297505627521971,15
29,2016,31,15.566506641898112,17
30,2016,31,13.401733157054844,14.5
31,2016,32,18.119562588183435,26.75
32,2016,31,15.886560222367985,20
34,2016,32,13.715425739867008,20.75
35,2016,28,10.293317295817756,12.25
36,2016,32,14.184519901593768,22
37,2016,30,15.517731793016658,21
38,2016,31,14.788327277143754,23.5
40,2016,32,14.127872245796548,22.75
41,2016,31,17.601075235972534,23.5
42,2016,31,19.667395648964384,31
43,2016,32,21.152075128886633,29.75
44,2016,32,22.605665861289246,23.25
45,2016,32,19.621802184502368,31.5
46,2016,31,20.340753097148095,31.5
47,2016,32,14.970804921579868,12.25
48,2016,32,17.289634224381476,19.5
51,2016,29,18.27890113220664,25
52,2016,31,17.63702118071621,20.5
53,2016,31,12.965877467206901,18
54,2016,30,17.41201197218576,24.25
55,2016,32,14.808148094883439,21.25
56,2016,31,20.02783009950463,36
57,2016,32,16.135233686842973,19
58,2016,32,11.664669567931714,14
59,2016,32,14.567383751203876,20.25
60,2016,31,17.825799835770237,23.5
61,2016,32,16.654821059264762,17.75
62,2016,32,17.826193802488262,24.75
63,2016,32,19.373972397306986,25.5
64,2016,32,19.9870926091751,20.5
66,2016,32,15.368064919007816,20.75
67,2016,31,16.607097847749653,23
68,2016,32,20.008642285998125,23.75
70,2016,31,12.516226027780684,19
71,2016,32,11.902790063271828,14.5
72,2016,32,16.071914995199023,21.25
73,2016,32,11.888553386047574,13.25
74,2016,32,4.61141203621428,5
75,2016,32,12.184361672030207,15.25
76,2016,32,12.676495903328204,15
77,2016,31,15.703023474368214,26
78,2016,30,22.37529939438813,32
79,2016,32,14.463489908130079,11
80,2016,32,8.734202328923955,11.25
81,2016,32,14.529031004698279,16.75
82,2016,32,11.952695741290789,18.5
83,2016,32,18.383789317695612,35.5
84,2016,32,15.299035390212278,23.25
87,2016,32,21.15066917266716,29.25
88,2016,29,15.033542136255234,17
89,2016,31,19.958936339017324,28.5
90,2016,32,14.264211928300977,17.75
91,2016,32,17.27948625281696,23.75
92,2016,32,18.517537459078813,19
93,2016,30,16.94551783548215,27.25
94,2016,32,15.444456934447388,20.25
95,2016,32,19.03943276465977,30.25
96,2016,32,18.189609538450526,22.25
97,2016,32,17.883922316409084,20
98,2016,32,15.004535604598944,25
99,2016,32,26.455607979186322,26.5
101,2016,32,19.199189331004106,29.25
102,2016,32,15.87044321189347,20.5
104,2016,32,23.752737533231418,34.5
105,2016,32,22.753389502906323,26.25
106,2016,32,17.76504360235427,18
107,2016,32,15.689238915318215,24.75
108,2016,32,6.42379334721642,8
109,2016,32,16.237650394148183,21
110,2016,32,15.21800583561799,15.5
111,2016,32,14.426118785931525,20.75
112,2016,32,13.174847737382994,17.75
113,2016,32,17.848827557049518,26.5
114,2016,32,16.34297224911931,19.5
117,2016,32,17.337697832441084,29.5
118,2016,32,26.6114326328778,34.75
119,2016,32,15.997448133192792,22.25
120,2016,32,20.08768580418715,27.75
121,2016,32,20.30133377947879,13.25
122,2016,32,21.801801494076052,25.75
123,2016,31,13.334650472577316,17.5
124,2016,32,23.211162498163013,39
125,2016,32,20.93747893595474,27.25
129,2016,32,22.875539831458518,37
133,2016,32,14.533852307740911,12
134,2016,32,8.498991875700659,8.5
135,2016,32,19.00633913775493,12.75
136,2016,32,10.817725522672081,12
137,2016,32,18.502588092724547,29.25
139,2016,32,23.530351024896305,42.5
140,2016,32,26.31077833230353,38.25
141,2016,32,17.58157828982627,30.75
142,2016,32,22.842708125704558,36.75
145,2016,32,19.64349600971963,17.25
146,2016,32,19.79000134476515,27.25
151,2016,32,24.321684868419574,34.25
152,2016,32,16.535275098426553,18.5
153,2016,32,16.601471951840352,20.25
154,2016,32,17.563221056257525,30
155,2016,32,23.0427372925936,22.5
156,2016,32,25.16397835104006,29.75
157,2016,32,12.978852215766603,10
158,2016,32,16.311484179222695,23.25
159,2016,32,16.965691186018766,17
160,2016,32,22.43269503317898,32.25
161,2016,32,18.24110476988185,16
162,2016,32,24.15472220578638,40.5
163,2016,32,19.729521845652126,17.75
165,2016,32,17.188207463445732,17.75
168,2016,32,23.07436697485594,31.25
169,2016,32,20.429239600268076,32.75
170,2016,32,24.85668599611938,48.25
171,2016,32,21.453790363657,24.75
174,2016,32,18.421586215895672,33.5
175,2016,32,24.877441523882506,43.5
176,2016,32,18.501961535068688,24.25
177,2016,32,13.930125164433168,8
178,2016,32,13.462275546995233,17.75
179,2016,31,15.401508095407516,13
180,2016,29,13.329196813189048,12
181,2016,32,18.0429594883094,30.25
182,2016,30,24.727387208537007,42.25
183,2016,30,13.48941688198908,13.25
184,2016,32,14.614364067477387,8
185,2016,32,15.097231908211604,15.25
186,2016,32,8.79791030907065,13
187,2016,32,21.703997513465488,28.75
188,2016,32,19.738614521435046,28.5
189,2016,32,23.77547445339148,40.5
190,2016,32,21.62545449830048,34
191,2016,32,19.23095517900175,33
193,2016,32,4.564833141846832,7
194,2016,31,24.557240572102742,38.5
195,2016,31,26.134515553685063,41
196,2016,30,18.115212379109163,30
199,2016,32,19.982250188120585,33.25
200,2016,32,18.45089385018969,23.5
201,2016,25,21.408176008245075,33
202,2016,32,18.718521963983402,20
204,2016,31,22.727890118691434,31
205,2016,32,24.87355118166879,45.75
206,2016,31,21.142374511865974,23.5
207,2016,32,21.901539200586765,30.75
208,2016,32,19.847808036933642,25.75
215,2016,32,23.757150875934922,29.25
216,2016,31,15.222719297014542,18.5
218,2016,31,29.863488694210652,44.5
220,2016,32,19.602090079475477,22.25
221,2016,34,27.716495085449512,49.5
222,2016,31,27.028061880798223,44
223,2016,32,17.892121847157995,17.5
224,2016,32,24.25536189474734,30.5
225,2016,32,24.846119155650328,37.25
226,2016,32,19.221097909295132,37.5
228,2016,33,18.08225104986387,32
229,2016,33,25.191802117740487,43
230,2016,35,27.018605478758644,42
231,2016,29,22.335551197376805,38
232,2016,29,13.329289206064825,20
233,2016,27,21.651934504941302,35
234,2016,25,17.906981878585793,25
235,2016,32,24.659536531238455,34.75
237,2016,30,17.9432054184768,25.25
238,2016,30,22.14230361085771,31
239,2016,31,16.339081718317264,30.5
240,2016,24,23.153395218518764,25.25
243,2016,32,23.146099789897022,38.25
244,2016,32,9.896999789770113,7.5
245,2016,32,9.143127156151138,12
246,2016,32,20.950017322342518,37.5
247,2016,32,30.343181595785875,55.75
248,2016,32,19.15261289341904,23.5
249,2016,32,22.06695730812723,27.5
250,2016,32,14.713938969562161,25
251,2016,32,10.528714577058365,12.75
252,2016,32,20.40455258340727,29.25
253,2016,28,17.98294312358918,22.25
254,2016,32,24.25151724551842,33.75
255,2016,29,26.131676793112693,36
257,2016,32,22.006940803946083,36.25
258,2016,32,17.181080179343564,22
259,2016,32,24.670060704450858,23.5
261,2016,32,11.925677095810887,20.75
262,2016,32,21.626386772614367,15.5
267,2016,32,15.318000164259631,22.75
268,2016,32,13.81546001709212,21.5
269,2016,32,25.6675197979985,37.5
270,2016,32,15.256939193310927,9.25
271,2016,32,26.26716028955965,36.75
272,2016,32,18.56885616711053,21.25
275,2016,27,24.38391885188881,23
276,2016,27,18.221648938240744,16
277,2016,32,10.76958081671436,16.25
278,2016,32,20.201804454696774,26.5
279,2016,32,22.367148108691215,26.5
280,2016,32,12.66913795218968,9
281,2016,31,11.666789553884293,20
282,2016,32,13.767071513743078,20.75
283,2016,30,24.138584556013555,18.5
284,2016,30,11.113055385446435,17.5
285,2016,32,16.190368253796713,17
286,2016,29,15.05073521599101,18
287,2016,31,12.442901850115707,10
288,2016,32,21.462551782867248,31.25
289,2016,31,20.530334231471098,10.5
290,2016,32,18.69793847529204,19.5
291,2016,32,9.591190094005793,13
292,2016,31,7.834442840665564,9
293,2016,30,14.36406755698431,16.25
294,2016,32,23.65986717029766,38
295,2016,32,24.260161655446304,42.75
300,2016,32,14.569079055181525,15
301,2016,32,11.575662734458684,18
302,2016,32,20.596644731449548,31.25
303,2016,32,13.740539267249984,16.5
304,2016,32,12.899112247522833,6.5
307,2016,32,16.969582607447002,16.25
308,2016,32,19.181539344195066,21.75
309,2016,32,31.87880274596474,51.75
310,2016,32,14.76260396428935,25.25
314,2016,31,16.360455865562923,21.5
315,2016,32,19.16271581533669,28.75
316,2016,32,20.80165064014966,28.5
317,2016,32,14.645130204599665,21.25
319,2016,32,22.971844618168788,45.75
320,2016,30,22.09803132647221,28.75
321,2016,31,22.30801003738247,42.5
322,2016,32,13.113493420039504,9.75
323,2016,32,18.522844439476142,23.5
324,2016,32,20.610026333895622,32.25
325,2016,32,20.979925120565042,32
326,2016,32,22.735483670727913,34.5
327,2016,32,21.57449117255929,27.75
328,2016,32,15.232472741037537,15.75
329,2016,32,19.700069592148242,18.5
332,2016,32,25.056629410584236,46.25
333,2016,32,24.13929669980653,35.25
335,2016,32,24.940897880725426,40.75
336,2016,31,26.913561357543088,39
337,2016,32,29.167411664832493,41
338,2016,32,25.9647520067917,27.5
339,2016,32,22.578693031977252,26
341,2016,32,17.884683255827884,28
342,2016,32,22.087801333358996,11.5
343,2016,31,11.533681391975977,16
344,2016,32,23.585273391838008,30
345,2016,37,15.886988273313365,11
350,2016,33,24.462556421328223,34
351,2016,30,29.36979839003435,40.75
352,2016,32,16.79330583797431,28
353,2016,32,21.03913404326144,27.25
357,2016,32,32.82294572595568,68.25
358,2016,32,24.48450382220058,43.75
359,2016,32,27.484233016697573,55.25
361,2016,32,18.165652408304933,26.25
362,2016,32,23.142528230580727,40.75
363,2016,32,25.72865541915122,43.75
365,2016,32,23.408624685731098,40
366,2016,32,25.14199593662801,45
367,2016,32,22.89941188144641,27
370,2016,32,7.799917286575503,12.5
371,2016,32,20.417319498011263,28
372,2016,32,21.443756140642776,31.75
373,2016,32,23.839517206629026,39.25
374,2016,30,21.722386355221595,28.75
375,2016,31,21.147866513303796,21.5
31,2018,26,25.537333153941205,37.75
32,2018,26,17.315755386796862,27
33,2018,26,24.843541181996144,22.5
34,2018,26,21.0170992655614,34
35,2018,26,8.964288122236006,6.75
36,2018,26,23.33333699633671,45.5
37,2018,27,8.997308872744503,6.5
38,2018,26,16.523363412499844,16
39,2018,26,12.249018799008415,8
40,2018,26,11.859952004053875,10.5
41,2018,26,12.93825573786751,26.75
42,2018,26,7.454889980099278,9.25
43,2018,27,14.210866192766645,25.5
44,2018,26,11.781080007955389,10.75
45,2018,26,12.530577984090941,21
46,2018,26,12.164766272376074,25
47,2018,26,20.138138329662336,33
48,2018,26,16.45193465359481,22.25
65,2018,26,17.48410266939216,19.75
66,2018,26,22.402781420721297,34.75
67,2018,26,21.98576462518068,27.75
68,2018,26,22.913784900394315,27.75
69,2018,26,18.902380802428038,22.75
70,2018,26,16.33029275727969,27.25
71,2018,26,13.333358974334319,22.5
73,2018,26,20.752349264601346,23.75
74,2018,26,22.852974894714727,40
75,2018,26,21.276784025353514,19.75
76,2018,26,23.756586131331762,25.75
77,2018,26,20.876339201630596,31.25
78,2018,26,11.395613191048563,13.75
79,2018,26,11.328928254014825,19
80,2018,26,17.84376641855637,22.25
81,2018,26,23.178405068909758,30.5
82,2018,26,18.846791198014014,16.75
83,2018,26,20.82941706780618,33.75
84,2018,26,18.68409442856101,27.25
85,2018,26,25.539110279063244,34.75
86,2018,26,21.86813628582428,29
87,2018,26,20.02536852633141,26.75
89,2018,26,16.46072248157366,17.75
90,2018,26,18.16933172641788,23.5
91,2018,26,21.227848182553466,37.5
92,2018,26,14.423751779083533,14.75
93,2018,26,18.84875021361853,29.5
94,2018,26,19.060268784931818,27.5
95,2018,26,21.077476129745705,28.25
96,2018,26,19.118094530092126,21
105,2018,26,16.483884904307647,24.25
106,2018,26,23.810824946132893,40.75
107,2018,26,25.244405320783454,42
108,2018,26,20.896411175127657,25
109,2018,26,9.558966793218092,9.75
110,2018,26,19.19170493889322,30.75
111,2018,26,17.458698515243164,26.25
112,2018,26,19.91168964742532,32.75
113,2018,26,21.38975311829331,16.25
114,2018,26,22.233896506149208,30.75
115,2018,26,11.747405605559829,16
116,2018,26,8.400366292379985,9.5
117,2018,26,15.220886459578647,19.75
118,2018,26,16.228939014564737,29.75
119,2018,26,17.12294906303773,17.5
120,2018,26,18.699732618409282,31
121,2018,26,16.528948963747023,13.5
122,2018,26,20.79422996891205,23.75
123,2018,26,20.44549978695707,30.5
124,2018,26,18.071354297723403,27
125,2018,26,16.95210447566455,24.25
126,2018,26,18.663868837944612,34
127,2018,26,26.281581734392212,46.75
128,2018,26,21.673521598059196,30.5
135,2018,26,22.792441392167376,41.5
136,2018,26,21.052754250654747,39
137,2018,26,16.475623018452257,17.25
138,2018,26,18.57028229767616,20
139,2018,26,24.661024995854365,44.75
140,2018,26,23.280794329562397,34
141,2018,26,18.03539255506751,18.5
142,2018,26,20.142454208424095,35
143,2018,26,24.63318587097183,40
144,2018,26,21.799400132890035,25.5
145,2018,26,20.245151366343347,25
146,2018,26,25.481244988301615,42.75
147,2018,26,16.344606261582253,22.5
148,2018,26,19.032118601499374,14.25
149,2018,26,24.32766706068185,34
150,2018,26,15.046389804662319,18.75
151,2018,26,20.400641015569924,33.5
152,2018,26,20.306118820160133,29
153,2018,26,25.276197377100733,36.75
154,2018,26,22.203568666736018,32
155,2018,26,17.672403519438046,28
156,2018,26,22.795714846975415,44
157,2018,26,24.0041342592992,32.75
158,2018,25,16.808926200087857,21
159,2018,26,25.48206005438698,42.25
160,2018,26,15.921006926022661,20.75
174,2018,26,18.44709691565002,26.25
175,2018,26,17.417409504462878,23.25
176,2018,26,25.160561324299707,40.5
177,2018,26,20.565392887454998,30.75
178,2018,26,19.156200040717888,23.25
179,2018,26,20.5677866129014,25.5
180,2018,26,22.732017406834252,34.75
182,2018,26,20.508647331908932,25.75
183,2018,26,22.699000316855706,30.75
185,2018,26,17.842774879054417,31.75
186,2018,26,22.802159142029982,42.5
187,2018,26,19.75764701032528,26
188,2018,26,23.24782868272946,36.5
189,2018,26,26.22673327849922,46.5
190,2018,26,21.401078333723135,29.75
191,2018,26,21.561076039938268,32.75
192,2018,26,22.393302570188258,22.5
193,2018,26,20.42954120498436,34
194,2018,26,20.93859153297125,24.75
195,2018,26,23.478599093315072,24
196,2018,26,22.655581754070774,28.75
197,2018,26,16.897382592032958,23.75
198,2018,26,21.676360750472284,34
199,2018,26,25.033546723116594,36.5
200,2018,26,23.094055179101495,46.5
208,2018,26,15.807739097815835,17.75
209,2018,26,22.359028463825386,34.5
210,2018,26,21.56607021725063,28.75
211,2018,26,18.283746460049827,26.5
212,2018,26,18.76170403938668,12
213,2018,26,16.221163763619238,21.75
214,2018,26,17.58482737606923,26.75
215,2018,26,22.857282966603545,34.75
216,2018,26,24.06711768879177,46
217,2018,26,24.45495073363705,51.25
218,2018,26,8.497329897362782,10
219,2018,26,20.222645341680316,27.75
220,2018,26,19.7056805554603,33.25
221,2018,26,20.10973740409204,18
222,2018,26,24.607816144156626,37.75
226,2018,26,23.03228503310416,41.75
227,2018,26,17.070577476600356,28.5
228,2018,26,21.983525299991914,22.75
229,2018,26,22.935528368417014,26.75
230,2018,26,15.418670001507413,28.25
231,2018,26,18.63648200542317,28.75
232,2018,26,18.920725307287935,25
240,2018,26,20.634399955861607,26.75
241,2018,26,25.864647687529015,46.75
242,2018,26,17.776388834631177,17.25
243,2018,26,23.197745248523283,37.25
244,2018,26,20.318426650173027,25.25
245,2018,26,25.363238084949764,48
246,2018,26,27.191882272811892,38
247,2018,26,19.49567999484856,29
248,2018,26,27.982412058566084,44.75
249,2018,26,21.993145785413727,24.5
250,2018,26,24.260540928714803,45.5
251,2018,26,24.79717725871233,18.75
252,2018,26,23.874801650404425,36.25
253,2018,26,21.161794311011022,26.25
254,2018,26,23.99374918598592,30
255,2018,26,22.738648901070484,22
256,2018,26,20.920214736359295,6.75
257,2018,26,20.870885131058674,19
258,2018,26,22.988592488784185,40.75
259,2018,26,23.134522987218773,37.75
260,2018,26,25.909338975625104,35.75
261,2018,26,25.50450940520127,40.25
262,2018,26,20.905354485247223,28.5
263,2018,26,20.654409102770657,15.5
264,2018,26,17.211802748293213,16.75
265,2018,26,21.69243044155123,23
266,2018,26,21.657473394792707,29.5
267,2018,26,23.634817862311007,18.75
268,2018,26,26.524792466381626,39.5
269,2018,26,19.913659788041127,25.5
270,2018,26,25.72194513520433,49.75
271,2018,26,24.005384011476707,32.75
272,2018,26,18.227494025826438,21.75
273,2018,26,21.63760970731642,36.5
274,2018,26,21.739860589744787,32
275,2018,26,23.260564183911065,30.5
276,2018,26,17.2505518306383,21.25
277,2018,26,24.798293985985904,28.5
278,2018,26,28.08404967510644,61
279,2018,26,25.08597524207807,42.5
280,2018,26,27.235384224316608,41
288,2018,26,23.366247847301853,38.75
289,2018,18,22.490448226700785,34
290,2018,26,27.380284877992047,47.5
291,2018,26,28.538017827776013,55.5
292,2018,26,17.967149510661436,18.75
293,2018,26,24.91774159417033,44.25
294,2018,26,20.25833161936096,32
295,2018,26,22.341544606061046,33.75
296,2018,26,16.86817668319207,29.25
297,2018,26,18.37494113020397,15.5
298,2018,26,17.20858461975838,23.75
299,2018,26,21.101075437412774,32.5
300,2018,26,21.79262401681958,37
301,2018,26,16.218318228282676,13
302,2018,26,24.40290020594967,34.5
303,2018,26,8.651900636009675,12
304,2018,26,22.407038729278455,33.75
305,2018,26,25.272545152032837,51.25
306,2018,26,18.141537548272602,23.75
307,2018,26,15.180402345939827,16
308,2018,26,19.958919347962244,18.25
309,2018,26,18.446096105638762,16
310,2018,26,19.367895719860343,13.5
311,2018,26,7.3120553776728086,9.5
318,2018,26,22.20717139886261,31.75
319,2018,26,24.857903866082204,41.75
320,2018,26,18.476596423167752,30
321,2018,26,20.256357026869367,17.25
322,2018,26,25.139487786226795,23.25
323,2018,26,28.465147380342426,55.75
324,2018,26,22.324908475994665,18.25
325,2018,26,18.713261443322857,17.25
326,2018,26,22.634928760656617,34
327,2018,26,20.784498661632053,9.75
328,2018,26,14.849242404917497,9.5
329,2018,26,28.129726953199146,21.75
330,2018,26,29.718913946405344,49
331,2018,26,20.475012914431918,20.5
332,2018,26,22.68079499352837,26
333,2018,26,24.159597551411196,19.5
334,2018,26,20.00845974927759,13.25
335,2018,26,28.6858850307952,56.25
336,2018,26,17.277864896584166,8.5
337,2018,26,23.73225652987933,41.5
338,2018,26,19.561068084728518,28
339,2018,26,20.017530778333736,27.75
340,2018,26,21.502200245198523,36.25
341,2018,26,16.625143145711096,17.5
342,2018,26,23.467719236300876,38.5
343,2018,26,24.294475472039696,40
344,2018,26,21.539695019625082,32.5
345,2018,26,24.47579652196462,36.5
346,2018,24,22.562473654085547,34.5
347,2018,26,23.84320577310152,44.25
348,2018,26,24.55160969186213,37.5
349,2018,26,26.883938585076294,47
350,2018,26,27.899738074315046,62.75
351,2018,26,19.596585259839372,20
352,2018,26,13.609781550273091,14.25
369,2018,26,18.538110433955733,20.75
370,2018,26,17.638419604767492,26
372,2018,26,18.625747274632005,26.25
373,2018,26,24.11753272238652,30.75
374,2018,26,21.05673654311498,41.5
375,2018,26,16.297663825034746,16
376,2018,26,18.91442266143444,27.25
377,2018,26,23.613848609530937,39
378,2018,26,21.850998921013975,23.25
379,2018,26,17.716094377712036,26.75
380,2018,26,22.786534485220734,44.5
381,2018,26,19.427181592176066,32
382,2018,26,24.75952031348439,35.5
383,2018,26,25.167408717197358,36.5
384,2018,26,22.9889940222239,42.5
385,2018,26,25.25004188876952,49.75
386,2018,26,23.558764496793643,25.5
387,2018,26,20.241199417182614,5.5
388,2018,26,22.800404854705135,32.25
389,2018,26,25.48580298609706,50.75
390,2018,26,21.871126030594628,34.25
391,2018,26,26.911364485316206,50
392,2018,26,30.863795070500423,61.75
401,2018,26,13.137673368540623,0
402,2018,26,14.969764398742091,15
403,2018,26,20.284931883998564,20.5
404,2018,26,10.616098080817569,3
406,2018,26,16.10274701839601,22.5
407,2018,26,18.251448836061883,28.75
408,2018,26,19.672862996054704,28.5
409,2018,26,27.480930451160827,46.75
410,2018,26,16.982524954969264,17.25
411,2018,26,18.343265374937598,31
412,2018,26,15.134728276384747,16.75
413,2018,26,23.007423551139716,37.75
414,2018,26,15.110719577632501,14.25
415,2018,26,13.450078638603397,16.5
416,2018,26,10.388158939573756,13.75
417,2018,26,15.0464409285181,14
418,2018,26,16.365065982616283,3
419,2018,26,24.207945294564247,33.5
420,2018,26,17.132290699593696,13.25
421,2018,26,18.982461540955274,25.5
422,2018,26,17.4793064463712,29.5
423,2018,26,16.59397481015323,25.5
432,2018,26,16.342723621985883,19.25
433,2018,26,17.448826277476044,25.75
434,2018,26,18.183678226534745,16.75
435,2018,26,22.658297851746532,36.25
436,2018,26,21.489174376523064,36
437,2018,26,23.270582287514852,14
438,2018,26,19.3473909988282,32
439,2018,26,21.591629432223534,36.75
440,2018,26,25.30442345033465,44.75
441,2018,26,24.94905578604899,40.75
442,2018,26,19.203244918102133,15.5
443,2018,26,17.142165736972856,18
444,2018,26,21.403702052179234,27
445,2018,26,15.424705457853594,17.75
446,2018,26,18.15476203687023,24.25
447,2018,26,19.819842427379534,18.5
448,2018,26,11.052323111176499,15.75
449,2018,26,11.442229476138616,7.75
450,2018,26,22.810928554937465,39.75
451,2018,26,21.85096371752549,26.75
452,2018,26,23.571560439191583,29.5
453,2018,26,21.907497838376283,28.5
454,2018,26,27.276024975453048,60.5
455,2018,26,20.266873312036907,27.75
456,2018,26,22.854624174417005,25
471,2018,26,22.689509605847505,36.5
472,2018,26,20.66944977124824,28.25
473,2018,26,26.65887065528817,53.5
474,2018,26,16.199382704288457,17.75
475,2018,26,24.836573528073163,47.75
476,2018,26,17.926688312294434,29.5
477,2018,26,17.2469841287821,18.25
478,2018,26,22.63791917591775,40
479,2018,26,17.700412859157137,25
480,2018,26,14.892434837346626,11.25
481,2018,26,27.399606959561694,61.25
482,2018,26,28.551734421249062,56
483,2018,26,27.054133766324025,50.5
484,2018,26,23.411141331885947,42.25
485,2018,26,20.95243697961207,25
486,2018,26,25.686662207936152,36.75
487,2018,26,25.12846990964631,23.5
488,2018,26,26.95925700870739,59
495,2018,26,16.946794568703726,18
496,2018,26,20.756352132447404,23.25
497,2018,26,17.622538016808083,25
498,2018,26,17.734277977538735,26.5
499,2018,26,16.065299441773444,27
500,2018,26,12.537942414925983,12
501,2018,26,18.405057833273816,22.75
502,2018,26,23.66292133600258,34.25
503,2018,26,21.484878403193257,34.5
504,2018,26,11.35070312969472,14.75
505,2018,26,22.448196775276596,12.75
506,2018,26,17.56832814601759,16.75
507,2018,26,20.51101017652564,34.25
508,2018,26,18.541263752464705,24.5
509,2018,26,18.425567520745147,30.75
510,2018,26,21.365716607543174,23.75
512,2018,26,18.808386018353215,21.5
513,2018,26,21.390184664934523,27
514,2018,26,20.5893176186099,24.25
515,2018,26,19.573608605623896,21.75
516,2018,26,20.07539634631253,32
517,2018,26,22.194108712414238,20.75
518,2018,26,12.503784042625472,11.25
519,2018,26,17.28992592411947,13.75
520,2018,26,15.87722122558459,17.75
521,2018,26,19.29974093090371,24.5
522,2018,26,17.475301251942806,10
523,2018,26,19.091198133010042,28.5
524,2018,26,17.53396703544295,24.75
525,2018,26,27.737589047245006,32.5
527,2018,26,20.882675926378635,30.25
528,2018,26,27.20180989453572,45.5
535,2018,26,29.976016053864438,55
536,2018,26,28.051052359252736,50.75
537,2018,26,20.98105372436321,28.75
538,2018,26,29.95722591655283,54
539,2018,26,26.342390522910758,46
540,2018,26,26.946214233885648,48.5
541,2018,26,28.91720275864551,53
542,2018,26,13.746048383220762,14
543,2018,26,29.327356617224236,49.25
544,2018,26,22.06079013857984,13.75
545,2018,26,10.397336937149598,19.25
546,2018,26,22.604288224888794,26
547,2018,26,25.245288974076242,40.25
548,2018,26,17.885146394102048,19.25
549,2018,26,23.347706196013874,20
550,2018,26,20.33125672456083,37.25
551,2018,26,26.917680777911354,54.25
552,2018,26,25.588699428879508,45.5
553,2018,26,22.61139943956111,25.5
554,2018,26,17.134759992483115,22.75
556,2018,26,18.3631738500226,25.75
557,2018,26,27.757770914715866,49.25
558,2018,26,28.564636555336417,53.75
559,2018,26,27.066556144778772,57.25
572,2018,26,21.246972635033117,33.5
573,2018,26,25.578476528879932,52.25
574,2018,26,28.805127748638515,56.75
575,2018,26,23.585295288508767,38.25
576,2018,26,22.12429920663286,43.75
577,2018,26,23.85507525422243,36.75
578,2018,26,24.930673106405724,46.25
579,2018,26,20.976030276337944,23.5
580,2018,26,27.91594526431086,54.75
583,2018,26,22.95252625613271,22
585,2018,26,23.094621418450192,39.75
586,2018,26,19.953792776157773,27.25
587,2018,26,23.07942806917017,32.25
588,2018,26,20.216976872078423,30.75
589,2018,26,17.60686055097667,15.75
591,2018,26,22.33755030987404,29.5
605,2018,26,22.926940820454337,27.25
606,2018,26,18.46497724383609,16.75
607,2018,26,21.085175251456068,33.75
608,2018,26,24.524148224838434,37
609,2018,26,14.369893741912156,17.5
610,2018,26,23.45903139190009,36.25
611,2018,26,20.140888377015166,26.25
612,2018,26,22.33038633445812,36.5
613,2018,26,22.70154179786034,39.25
614,2018,26,22.730934530181212,30.25
615,2018,26,18.810471715346377,20.5
616,2018,26,20.707635158224946,27
617,2018,26,19.833305322109073,29
618,2018,26,24.947452467444137,41.25
619,2018,26,17.06210375702201,21.5
620,2018,26,21.51521822767818,42
621,2018,26,19.424370101657193,18.5
622,2018,26,22.96435364780682,24.25
623,2018,26,30.560507446451464,61.5
624,2018,26,20.35730827000466,14
625,2018,26,35.11948834391614,65.5
626,2018,26,14.753148295038066,12.75
627,2018,26,28.34034905599055,53.75
628,2018,26,24.534089313881992,32
629,2018,26,8.630981760717964,9.5
630,2018,26,18.98144843301966,22
631,2018,26,8.99854689124006,13.5
632,2018,26,21.846175514615474,20.75
633,2018,26,22.810658777118952,31.75
634,2018,26,29.768026212958503,65
635,2018,26,14.549702613931535,17.75
636,2018,26,23.024802680186827,33.5
637,2018,26,14.686100178792818,13.75
638,2018,26,6.444078975784969,6.75
639,2018,26,24.072103228553875,22.25
640,2018,26,21.98394519083975,17.75
648,2018,26,12.681664535249913,15.25
649,2018,26,13.68845667538332,19.5
650,2018,26,19.989112421131043,18.5
651,2018,26,20.352017477012332,35.5
652,2018,26,21.358334708924794,19.5
653,2018,26,19.137880278088833,34.5
654,2018,26,14.310190021852906,18.5
655,2018,26,20.376608006391884,32.25
656,2018,26,17.696283834140477,28
657,2018,26,22.811737869250223,26.25
658,2018,26,22.305708134569844,24.5
659,2018,26,26.158716741049464,34.25
660,2018,26,24.25733830284068,52.25
661,2018,26,22.125237938746643,27.5
662,2018,26,24.093280263304823,43.75
663,2018,26,19.059905561151137,29.5
664,2018,26,24.91947029934625,42
665,2018,26,21.201306200689256,26.25
666,2018,26,27.622204000516575,32
667,2018,26,15.105780859810439,25.5
668,2018,26,16.097969293815147,20
669,2018,26,17.024507222056272,27.75
670,2018,26,15.757049704326485,19.75
671,2018,26,16.542207089279696,24.25
672,2018,26,17.75599573708511,17.75
679,2018,26,18.401045120820218,25.5
680,2018,26,17.282316440178427,29.5
681,2018,26,20.263646873536477,29.25
682,2018,26,24.10684550081159,39
683,2018,26,19.31615505616597,26.25
684,2018,26,23.482235511453858,42
685,2018,26,17.52641961769102,19.25
686,2018,26,15.349317198544647,15.5
687,2018,26,18.048652197708453,23.5
688,2018,26,19.81922143933859,18
689,2018,26,25.581724245730886,49.5
690,2018,26,23.622414388424854,32.5
691,2018,26,23.198308956937755,20.5
692,2018,26,26.344230137517048,51.75
693,2018,26,19.939022428008233,25.5
694,2018,26,26.05107409567716,53
695,2018,26,25.887359552789167,57.25
696,2018,26,25.580070367377804,56
697,2018,26,21.809137111276584,28.25
698,2018,26,15.169655946608069,21.75
699,2018,26,16.69292802817547,19
700,2018,26,17.538353575916016,23.5
701,2018,26,13.06363125392253,10.75
702,2018,26,15.26710893996029,25
703,2018,26,11.563935981516648,7.5
704,2018,26,23.963433682303418,34.75
712,2018,26,23.660938273872404,41
713,2018,26,14.283341561198,21.75
714,2018,26,23.952131750318497,34.5
715,2018,26,16.608616855299957,10.25
716,2018,26,22.974768769239006,21.75
717,2018,26,25.978097283318085,50
718,2018,26,22.1089609399934,22.5
719,2018,26,24.878535697696087,32
720,2018,26,17.717266675803536,19.75
721,2018,26,20.835214274063848,30.5
722,2018,26,27.93288660067473,50.25
723,2018,26,16.10140939841555,26.5
724,2018,26,20.68492576361235,23.5
726,2018,26,20.832075859486125,34.5
727,2018,26,20.928596557011506,28.5
728,2018,26,19.469305230383704,26.75
729,2018,26,20.881202441062044,23.25
730,2018,26,27.917047452435554,40.25
731,2018,26,24.501930850131288,32.5
732,2018,26,19.59187429679811,16.75
733,2018,26,21.599893162128943,17.75
734,2018,26,23.378227872564217,31.25
735,2018,26,28.406933064902415,46.25
736,2018,26,25.085361959026713,29.75
753,2018,26,14.271003414670549,21.75
754,2018,26,21.282712377745607,32.5
755,2018,26,22.263457468720766,37
756,2018,26,19.70587573444881,20
757,2018,26,19.569206579568988,19.25
758,2018,26,23.21723497749032,31.5
759,2018,26,18.592843950128934,23
760,2018,26,15.305353512867521,20.75
761,2018,26,24.675119826690576,46
762,2018,26,21.417893310177682,35.5
763,2018,26,13.348581025135795,21.75
764,2018,26,22.845568498069817,35.5
765,2018,26,20.22705727865144,17.25
766,2018,26,16.605884035948964,21.75
767,2018,26,18.059942925201575,30.25
768,2018,26,18.676847040777933,16.5
776,2018,26,16.785570726531304,14.25
777,2018,26,19.365313956024174,26.5
778,2018,26,11.116723368940079,13.75
779,2018,26,18.81476506936466,27.75
780,2018,26,16.337215655815264,22.5
781,2018,26,23.225715191439125,39
782,2018,26,19.19647403521322,28.5
783,2018,26,18.34376859191824,19.25
784,2018,26,20.03800235705991,33
785,2018,26,17.3878826065298,15
786,2018,26,17.566051173959213,26.5
787,2018,26,15.898379211053609,22.5
789,2018,26,17.152393867463964,24
790,2018,26,13.591852763271884,21.75
791,2018,26,10.100799663697615,11.75
792,2018,26,19.476257735628153,32.75
793,2018,26,19.037291339328227,26.25
794,2018,26,16.34008756214181,16.75
795,2018,26,18.55474229242922,18.5
796,2018,26,13.667310804082295,16
797,2018,26,17.64875240742137,16.5
798,2018,26,18.135770009739147,23
800,2018,26,22.12318658365889,36.5
48,2021,34,26.18290593650478,40.75
50,2021,33,17.115472355135104,16
51,2021,32,17.272834349104752,24.25
52,2021,32,20.71737621947709,20.75
53,2021,29,5.982116204631458,6
54,2021,34,13.678932368092102,26
55,2021,34,18.3079470972641,20
56,2021,33,7.288430017583494,7
57,2021,26,6.234889425951847,5
59,2021,33,16.507459287280163,15
60,2021,33,16.44187420194934,23
61,2021,34,14.659808394883203,21.5
62,2021,29,6.3774927513172015,10
63,2021,34,5.589332850280966,5.75
64,2021,30,8.48419761647513,7.5
65,2021,31,10.53677635303979,12.5
66,2021,33,5.44305924452361,6
67,2021,33,6.216729628408113,3
68,2021,34,10.099857925969909,9.75
69,2021,30,6.836430472782957,7.5
70,2021,33,5.375132133682432,9
71,2021,30,5.476805848197522,6.75
72,2021,33,16.654806386072934,25
73,2021,34,18.937202725292444,29.5
74,2021,30,13.857277435738757,15.5
75,2021,34,17.778720080493272,23.25
82,2021,32,16.430664437902923,20.5
83,2021,32,21.52558492704932,33.25
84,2021,32,13.666535535694008,19.75
85,2021,32,20.44179384212332,35
86,2021,32,25.00643062455426,41.75
87,2021,33,21.594971707096608,35
88,2021,34,20.503053987550228,28.75
89,2021,33,23.14799225536732,35
90,2021,31,18.698801065584995,29
91,2021,31,18.939745998682866,35
92,2021,33,17.226488148760733,23
93,2021,31,14.354498002480819,18
94,2021,33,19.01987596747628,30
95,2021,33,21.242645786248,33
96,2021,32,22.933283320775672,36.5
97,2021,33,21.387700019432014,33
98,2021,33,22.08905014625202,20
99,2021,33,19.870079913215644,21
100,2021,33,16.621624742813474,17
101,2021,34,16.429317085413143,23.25
102,2021,33,23.561733871476925,35
103,2021,33,24.67389584892577,47
104,2021,33,21.04680030385386,27
106,2021,28,21.064369726096054,30.5
107,2021,32,24.34560883105696,40.75
108,2021,31,19.68237025677373,25.5
109,2021,30,10.269920368134121,13
110,2021,34,29.72417766680711,51.25
111,2021,31,25.46644429334878,40.5
112,2021,32,23.15287117288884,35.5
113,2021,32,23.425047767362734,28.75
115,2021,31,18.81791642277709,25.5
116,2021,32,19.3689766912069,25.25
120,2021,33,16.69359566910725,27
121,2021,33,20.399142138825347,30
122,2021,34,20.937901564510558,25.5
123,2021,31,18.483413081457247,24
124,2021,32,18.80277518981466,23.75
126,2021,29,20.6066850313265,28
127,2021,32,17.210157353407094,25
128,2021,33,24.183053482916,43
129,2021,32,21.076067110319936,32.25
130,2021,32,19.090589431411217,22.5
131,2021,33,20.47175622730749,22
132,2021,33,29.11393501609173,56
136,2021,27,21.457438160732337,26.5
137,2021,30,22.753552204678602,35.25
138,2021,30,19.12154108154814,28
139,2021,30,18.498835005257064,27.5
140,2021,34,23.645027892318513,32.5
141,2021,31,29.21606569378663,53
142,2021,34,22.526771555643357,35.25
143,2021,30,19.46647575091392,28.75
144,2021,31,20.46034717329139,16
145,2021,31,17.654997160327802,24
146,2021,35,18.821452091258248,25
147,2021,31,21.06987861726395,32
148,2021,32,18.149913356231476,25.25
149,2021,31,17.69271765627079,16.5
150,2021,32,23.526730679200053,24.25
151,2021,32,24.314285426605725,39.75
152,2021,34,22.687680308697523,35
153,2021,33,20.84634442192625,16
154,2021,32,19.695642837292556,31.75
155,2021,30,24.14375053000615,43.75
156,2021,34,25.65875401795673,39
157,2021,29,22.118021985514982,35
158,2021,33,25.605619056619727,43
159,2021,33,24.31497075939642,35
160,2021,29,27.39795217258457,42
165,2021,34,15.830119760194595,21.5
166,2021,34,14.833388411442137,24.25
167,2021,32,25.85692644459682,42.75
168,2021,30,12.782396300084496,16.25
169,2021,29,19.293494143263878,19
170,2021,32,25.32751197617377,36.25
171,2021,33,19.17537680875074,31
172,2021,32,22.610303103930583,39.5
173,2021,32,29.871077148305183,50
174,2021,31,21.802732392637083,32.5
175,2021,30,17.511277154628296,21.25
176,2021,29,22.561137518050245,40
177,2021,32,21.590021590032386,36.75
178,2021,33,16.78309710645948,26
179,2021,31,23.269390110809358,33
181,2021,35,11.955238646402545,12
182,2021,33,18.179867319581177,22
183,2021,34,20.385259957366543,31.5
184,2021,32,16.021375590330926,20.25
185,2021,34,14.10417695176259,18.5
189,2021,33,26.952223442321944,43
190,2021,32,20.462396668507694,17
191,2021,33,26.040215111060487,35
192,2021,30,17.843154455407827,26.75
193,2021,33,10.469200860938082,10
194,2021,34,18.209833585612095,34.25
195,2021,34,17.167648761343816,17.25
196,2021,29,24.739131564019623,41
197,2021,26,14.884374873827095,15
199,2021,34,17.889066956595027,21.5
200,2021,31,19.292262642040264,30.5
201,2021,34,20.91935538179936,24.5
202,2021,33,21.857406344788764,34
203,2021,30,19.948352854539028,29.5
205,2021,23,20.273037449549342,18.5
206,2021,32,15.535047525286275,17.5
207,2021,30,17.852524854433362,25.75
208,2021,34,19.629931854159107,20.25
209,2021,32,18.163654554472057,26.5
210,2021,34,12.369965350830562,17.75
211,2021,33,27.77530923374757,50
212,2021,33,26.960408683171632,40
213,2021,33,18.649782678074132,35
215,2021,34,29.2727203529625,47.5
216,2021,31,23.611688375823302,28.5
217,2021,34,25.191406309923583,40
218,2021,34,24.54035564653591,36
219,2021,30,18.830886831229556,23.75
220,2021,30,22.559652724155193,22
221,2021,34,17.229834631418402,23
222,2021,28,19.560650490692982,27
223,2021,32,23.98445397039642,41.5
224,2021,30,22.211651700500973,29
225,2021,30,16.019241303945172,19
227,2021,34,19.240503363918776,21.75
228,2021,33,15.972692131866623,18
229,2021,34,18.664143896243385,23.5
230,2021,31,23.409353888186782,20.5
231,2021,32,17.061440206954508,20
233,2021,29,22.262263460489287,25
234,2021,30,23.598558303908916,36
235,2021,25,17.692936443677176,21
237,2021,31,20.487027104240685,21
238,2021,31,15.302961973464168,23.5
239,2021,30,21.227313786127358,29.5
240,2021,34,16.83960191077476,12.5
241,2021,34,25.97003964189856,40.75
245,2021,31,14.59496156986398,20
246,2021,33,25.340334957485776,34
247,2021,33,21.97510643956709,38
248,2021,33,29.531794627814172,43
249,2021,31,17.695938419850464,18.5
250,2021,33,15.260118352136464,25
251,2021,32,15.980803756685,18.5
252,2021,34,22.066662896962914,30.5
253,2021,34,16.082701815388777,16.75
254,2021,34,11.330750990272668,15.5
255,2021,34,26.55005698386921,45
256,2021,33,23.189600595042076,29
257,2021,34,25.415057223815953,10.75
258,2021,34,19.776379075565462,32
259,2021,33,16.13813477262456,15
260,2021,34,10.499469471360715,14
261,2021,34,15.7055118224233,23
262,2021,34,34.452180815201686,73.5
263,2021,34,11.654449931616513,13.5
264,2021,33,8.591530360732827,10
265,2021,31,11.693854649307891,12
266,2021,31,6.983544406182171,5
267,2021,32,29.03383732263821,45.25
268,2021,31,26.381771158555022,39.5
271,2021,34,25.56617361889703,38
272,2021,34,15.639459441492964,16
273,2021,33,18.139662303495303,22
274,2021,34,16.60272941072997,15.75
275,2021,34,24.934298693504463,40
276,2021,27,9.880049828588144,10.5
277,2021,33,18.258455907365555,9
278,2021,30,8.71179673195206,11.5
279,2021,29,25.168936597681835,35
280,2021,32,11.364914884088689,11.25
281,2021,33,18.670640134454494,27
282,2021,33,17.093548313307977,11
283,2021,33,16.11570380377193,13
285,2021,33,14.72301074694118,19
286,2021,30,5.037331897312124,3.75
287,2021,33,18.503429248098687,22
288,2021,31,14.559850525051003,12.5
289,2021,31,28.503461400818622,37
290,2021,30,18.21042394426569,13.75
291,2021,32,17.720926894493978,19.5
292,2021,33,10.676900866881368,15
293,2021,34,11.920749895659513,11.25
300,2021,33,18.80899808843919,31
301,2021,33,16.435537531197266,22
302,2021,30,14.954490349363143,13.75
303,2021,31,11.450501233335755,12
305,2021,33,14.745826322705485,24
306,2021,33,17.86587232517332,26
307,2021,34,17.226109809821708,27
308,2021,33,19.150421310342924,30
309,2021,33,18.007153460710434,24
310,2021,30,11.454256850621082,11.75
311,2021,34,24.479756269684813,35.75
313,2021,29,18.778787424720935,26
314,2021,31,23.125092269504965,33
315,2021,32,23.57546222992963,36.5
316,2021,30,17.476289356015265,21
317,2021,34,24.940160112813288,32
318,2021,33,25.619188180547468,45
319,2021,34,26.14589534013427,32.25
321,2021,34,17.04594295200458,28
322,2021,34,16.945571882268013,16.75
323,2021,34,15.948558124133328,23.5
324,2021,34,19.48345886490547,21.5
325,2021,34,14.587006158328089,20.25
326,2021,34,16.363299659835597,27.5
327,2021,27,15.826606758287813,18.5
329,2021,30,22.854386635955628,40.5
330,2021,33,15.45411095645898,17
331,2021,30,11.907497879366867,14.75
332,2021,32,19.8148689689855,22.5
334,2021,32,17.59258343551293,28
335,2021,33,18.596238215229867,26
336,2021,32,21.50335213927834,35.25
337,2021,32,12.996859111885207,11.75
338,2021,31,22.314998090632816,37.5
339,2021,34,7.12631136882821,7.75
340,2021,34,16.904708285277763,23.75
341,2021,34,21.29265144005306,28
344,2021,29,17.032568050186573,25
345,2021,31,15.77073647716739,25.5
346,2021,28,17.585166909588754,27
349,2021,31,15.46038990174499,11.5
350,2021,33,17.4178809204098,12
351,2021,33,23.708736083280918,19
352,2021,31,18.58736997481476,32.5
353,2021,32,18.438624213948984,17.75
354,2021,31,17.97734536121947,17
355,2021,30,18.884281610747678,32
357,2021,34,22.72104727570481,36
359,2021,34,15.06598676553419,26.25
360,2021,34,18.574535498470944,30.25
361,2021,30,25.730901856422125,38.25
362,2021,30,15.686585527680693,25
363,2021,30,12.347506612277229,20.25
364,2021,30,9.267667191500447,12
365,2021,30,18.06453946844194,32.5
367,2021,31,18.51474274530249,28.5
368,2021,31,19.162631646329352,34
369,2021,34,13.483865052565353,16.5
370,2021,30,12.794395324677831,15.75
371,2021,32,19.234309692703782,33.5
372,2021,30,15.515509481894515,18.5
373,2021,32,17.111323123366528,25
374,2021,34,22.12057784845089,30.25
383,2021,31,21.94063348787957,21.5
384,2021,33,22.062068091746262,32
385,2021,34,18.04759502744091,25.25
386,2021,34,23.806633387070534,40.25
389,2021,30,20.20950612783584,34.5
390,2021,33,22.936960711189847,39
391,2021,31,23.078128173662613,32.5
392,2021,33,19.282341977083906,29
393,2021,27,28.040619702074224,33.5
396,2021,30,24.51375405626471,25
397,2021,30,23.417770048042332,25.5
398,2021,32,20.458627606669687,30.25
399,2021,32,22.1342813592473,37
400,2021,32,14.879048649348432,17.5
401,2021,29,25.40615882820425,48
402,2021,30,17.69226079261842,24.5
403,2021,32,19.353643276254633,20.5
404,2021,33,21.949968937646275,27
406,2021,29,23.54343015467958,39
407,2021,21,23.183840842070932,35
408,2021,32,22.55021278778082,31.5
409,2021,31,14.006833969511538,17.5
410,2021,33,17.065604251969763,15
412,2021,32,14.271559808053173,18
413,2021,34,17.693569130952646,26.5
414,2021,33,21.082405058017052,37
415,2021,33,21.404518426979596,28
416,2021,30,17.817852341653456,22.25
417,2021,33,19.657146514459036,33
418,2021,32,20.161345161215742,20.5
419,2021,27,17.268946818394113,24.5
421,2021,33,15.216057606716303,18
422,2021,31,18.09859496714997,29.5
423,2021,32,17.04686968710186,22.5
425,2021,31,18.056184714706838,26
427,2021,31,23.100807601206434,29.5
428,2021,30,22.351322314248037,33.5
432,2021,29,26.093711376479483,49
433,2021,31,26.427095902680307,44
434,2021,30,19.622998470303084,28.5
435,2021,27,26.40615269752298,34
436,2021,29,20.324643490229445,33
437,2021,31,28.34378049013784,47
438,2021,28,22.503380110599306,32
439,2021,28,22.586459398235665,27.25
440,2021,26,12.022542928246855,7.75
441,2021,27,23.464891638384774,32
442,2021,30,25.52575890774047,34.5
443,2021,33,15.716293899625125,9
444,2021,32,18.823003042776865,15.25
448,2021,31,19.90801427209817,28.5
449,2021,31,18.938099506107413,31
450,2021,33,28.806499161463442,48
451,2021,31,25.783840901093523,39
452,2021,32,21.76299667310429,21.75
453,2021,34,28.165603983792643,49.5
454,2021,30,19.29209831696035,19.5
455,2021,31,16.637048952547516,20
456,2021,33,16.272071258149744,21
460,2021,21,19.71704604553899,20
461,2021,24,14.994685048714592,24.5
462,2021,23,10.29255842311719,15.5
463,2021,26,26.902130313129764,39.25
464,2021,25,24.0788288751758,37
465,2021,27,16.07656183566127,23
467,2021,31,15.86332756045599,24
469,2021,33,14.88313057651433,16
470,2021,34,18.89715575274946,24.5
471,2021,34,20.031792912086708,25
472,2021,33,19.41721939647665,31
474,2021,31,21.52932483746272,17.5
475,2021,27,32.634730595266774,71
476,2021,31,22.00430065491353,17
477,2021,31,35.57889914705244,64
478,2021,28,19.567006027180675,20.5
479,2021,26,16.7548844772548,19.5
480,2021,31,13.194410677187502,16
481,2021,33,13.98395996717798,19
482,2021,32,27.641060504373772,42.75
483,2021,26,12.150087052552973,14.75
484,2021,34,13.2579307311785,19.75
489,2021,29,28.277608680886715,39
490,2021,29,19.043184007483024,20
491,2021,26,26.146922160390858,40
492,2021,25,16.825278600962303,26
493,2021,31,18.626492867932487,27.5
494,2021,31,9.277096319917792,7.5
495,2021,26,26.48517727682062,38.5
496,2021,24,21.69648171572017,22.5
497,2021,33,23.225712306002848,33
498,2021,23,22.61195248661462,33
499,2021,25,24.37895267096873,31
500,2021,31,20.028957531158387,29.5
501,2021,31,23.428454347614988,33.5
502,2021,29,16.019231053543052,11
503,2021,33,9.489028752547158,10
504,2021,31,31.53485867778635,57.5
505,2021,28,15.056639098828827,11.25
506,2021,32,9.36620555249632,7.25
508,2021,33,9.317424211625976,15
509,2021,33,14.179116632740154,7
510,2021,31,18.517530200628343,28
511,2021,34,10.963275269488635,17
512,2021,33,9.636971107210611,15
516,2021,30,11.240116987160652,18.75
517,2021,34,17.858025952189983,35.75
518,2021,34,15.587256552867787,17.75
519,2021,28,15.466639299373707,21
520,2021,30,17.032625893490007,21.25
521,2021,34,12.373315258300154,9.5
522,2021,33,17.94340851373866,24
523,2021,33,8.98388709149482,15
524,2021,32,15.998204284312056,11.75
526,2021,33,12.793227374930325,17
527,2021,34,12.454015237812744,17.5
528,2021,31,13.627297083664523,19
529,2021,32,12.97329763833788,19.5
530,2021,33,11.536010811998464,16
531,2021,34,15.779140769460797,17.75
532,2021,33,9.549611288297328,13
533,2021,34,13.286403595371802,22.25
534,2021,33,13.470998590687442,14
535,2021,32,19.054992572433186,23.75
536,2021,33,25.698315296744827,41
537,2021,31,15.45635548022828,18
538,2021,33,14.472021073070406,21
539,2021,33,14.142001701357984,15
540,2021,32,22.612420758968845,30.75
543,2021,34,6.292414016361104,8
544,2021,28,21.77236124736392,33.75
545,2021,33,23.959166652174417,23
546,2021,32,25.370142948470086,43.25
547,2021,33,21.760055146988943,33
548,2021,34,24.046078760232728,35.75
549,2021,33,23.945368692467063,35
550,2021,32,20.387946114657886,38.5
551,2021,33,9.69682469115066,11
553,2021,34,21.315138185442937,19.5
554,2021,34,12.701425243198345,19
555,2021,34,21.89093448160033,22.5
556,2021,34,13.430517036912164,20.25
557,2021,34,22.22627117005408,32.5
558,2021,34,14.376897689201776,13
559,2021,34,10.193537150738882,13.5
562,2021,31,8.162331524385571,9.5
563,2021,31,28.390366380619437,42
564,2021,33,16.254370041762474,14
565,2021,32,11.300692242570378,14
566,2021,31,13.66205009884043,16.5
567,2021,34,22.617015978344842,39.5
571,2021,34,19.06880776530137,26.75
572,2021,32,13.930125164433168,19.75
573,2021,34,15.298922870523189,23.25
574,2021,27,21.116351126562677,27
576,2021,33,21.090623365358216,37
577,2021,34,26.099972340018535,38.75
578,2021,32,20.388934973530098,30.5
579,2021,33,13.729599190777346,14
580,2021,32,23.37110757655355,28.25
581,2021,33,17.61972035687699,26
582,2021,31,19.02047566764974,27.5
583,2021,31,23.390559624983162,31
585,2021,34,18.029412491676176,16.75
586,2021,34,24.002599383891752,39.5
587,2021,33,28.662349921635926,43
588,2021,34,9.159363481920531,12.75
589,2021,33,13.77896398445284,21
590,2021,34,14.652146028626891,24.25
592,2021,34,17.2872347368943,17.75
593,2021,34,17.364088990003562,25.5
594,2021,33,13.031285199065898,13
600,2021,30,19.43042406408941,21.75
601,2021,27,7.488072186566117,11
602,2021,29,14.814617997233034,13
603,2021,28,16.30593750397682,14.25
604,2021,26,19.374209661299737,28.5
607,2021,33,16.83008894627102,19
608,2021,31,18.331182669552888,22
609,2021,31,24.942255893007314,44.5
610,2021,34,20.624756250922875,19.5
611,2021,30,21.180152279308867,34.5
612,2021,28,22.19311585907647,19
613,2021,34,28.422267888804353,46
620,2021,32,19.25371769714333,31.25
621,2021,32,21.631816471830742,26.5
622,2021,29,21.59918124702582,22
623,2021,32,22.958500428718857,18.5
624,2021,33,20.183579809820504,32
625,2021,33,17.31378195122445,24
628,2021,32,22.30884299569235,30.5
629,2021,33,17.944833391663057,18
630,2021,31,14.771303187243243,20.5
631,2021,26,10.884851859350222,17.5
632,2021,29,13.941379736794964,21
633,2021,31,13.17508237920829,15
634,2021,32,9.87170729097605,10.5
635,2021,33,14.652282891733764,24
636,2021,24,18.261337554389666,30.75
638,2021,33,26.63882305844975,47
639,2021,33,17.399712641305314,24
640,2021,34,18.893665293830473,26
641,2021,31,23.332887860570935,25.5
642,2021,32,18.930688517376634,33.5
643,2021,31,23.152649120356024,32
645,2021,31,11.412123340543816,13
646,2021,31,10.816554417297848,15.5
647,2021,30,14.256476648764995,20.75
648,2021,31,11.802223227777025,18
649,2021,28,16.184248335338104,23.25
653,2021,33,15.549834355543743,22
654,2021,33,16.11482236948332,26
655,2021,30,18.3906835484522,30.75
656,2021,31,15.642030503728405,28.5
657,2021,28,21.97554557171683,35.5
